<?xml version='1.0' encoding='ISO-8859-1'?><document oid='r01dpd0131f5f95ec01aaace4d65eddc9deff8df4'><actionPost>0</actionPost><publicationInfo><publicationTarget oid='Inter'><publisherConfirmation>0</publisherConfirmation><publishDate>07/06/2012 [18:49:37:330]</publishDate><publicationOid>r01jpd0137c7d9f7ee1cd2d56f263560f36ada716</publicationOid><state>1</state><url>/contenidos/prevision_tiempo/met_forecast/eu_today/web.html</url></publicationTarget></publicationInfo><dataFiles><dataFile oid='r01dpd0131f5f95ec01aaace4c72dccdedb2b0f7e'><metaDataContainer>true</metaDataContainer><generateUrl><![CDATA[/euskadi/main/meteorologia/WORKAREA/wmeteg2@/templatedata/v78_meteorologia/meteorologia@/presentation/$template.property$@/data/eu_r01dpd0131f5f95ec01aaace4c72dccdedb2b0f7e@/prevision_tiempo/met_forecast/eu_today/web]]></generateUrl><editUrl><![CDATA[/iw-cc/command/iw.ccpro.launch_edit_form?vpath=//ejlp013/euskadi/main/meteorologia/WORKAREA/wmeteg2/templatedata/v78_meteorologia/meteorologia/data/eu_r01dpd0131f5f95ec01aaace4c72dccdedb2b0f7e]]></editUrl><previewUrl><![CDATA[/iw-mount/euskadi/main/meteorologia/WORKAREA/wmeteg2/prevision_tiempo/met_forecast/eu_today/web.html]]></previewUrl><initialPage>1</initialPage><templateOid>meteorologia</templateOid><createDate>07/06/2012 [18:49:02:416]</createDate><name><![CDATA[web]]></name><author>v78</author></dataFile></dataFiles><indexOff>false</indexOff><portalDataSEODescription><![CDATA[]]></portalDataSEODescription><language>eu</language><base>false</base><revisionState><remainingRevisions>0</remainingRevisions><state>0</state></revisionState><lastUpdateTS>1339087788800</lastUpdateTS><internalName><![CDATA[today]]></internalName><tags><![CDATA[]]></tags><description><![CDATA[Gaurko metereologia iragarpena]]></description><createDate>23/08/2011 [11:29:45:000]</createDate><empty>false</empty><name><![CDATA[Gaurko metereologia iragarpena]]></name><author>v78</author><portalDataSEOName><![CDATA[]]></portalDataSEOName></document>