<?xml version="1.0" encoding="UTF-8"?><cityForecast cityCode="12" cityName="Estocolmo" month="1" year="2013" >
<day month='1' day='1' done='01/01/2013 [11:19:15]'><forecasts><forecast period='today' date='01/01/2013'><tempMax>4</tempMax><tempMin>3</tempMin><symbol><icon>03</icon><description>Nuboso: entre 4/8 y 5/8 de cielo cubierto</description></symbol></forecast><forecast period='tomorrow' date='02/01/2013'><tempMax>1</tempMax><tempMin>-1</tempMin><symbol><icon>03</icon><description>Nuboso: entre 4/8 y 5/8 de cielo cubierto</description></symbol></forecast><forecast period='next' date='03/01/2013'><tempMax>2</tempMax><tempMin>-3</tempMin><symbol><icon>04</icon><description>Muy nuboso: entre 5/8 y 7/8 de cielo cubierto</description></symbol></forecast></forecasts></day>
<day month='1' day='1' done='01/01/2013 [07:51:24]'><forecasts><forecast period='today' date='01/01/2013'><tempMax>4</tempMax><tempMin>3</tempMin><symbol><icon>03</icon><description>Nuboso: entre 4/8 y 5/8 de cielo cubierto</description></symbol></forecast><forecast period='tomorrow' date='02/01/2013'><tempMax>1</tempMax><tempMin>-1</tempMin><symbol><icon>03</icon><description>Nuboso: entre 4/8 y 5/8 de cielo cubierto</description></symbol></forecast><forecast period='next' date='03/01/2013'><tempMax>2</tempMax><tempMin>-3</tempMin><symbol><icon>04</icon><description>Muy nuboso: entre 5/8 y 7/8 de cielo cubierto</description></symbol></forecast></forecasts></day>
<day month='1' day='1' done='01/01/2013 [18:19:47]'><forecasts><forecast period='today' date='01/01/2013'><tempMax>4</tempMax><tempMin>3</tempMin><symbol><icon>03</icon><description>Nuboso: entre 4/8 y 5/8 de cielo cubierto</description></symbol></forecast><forecast period='tomorrow' date='02/01/2013'><tempMax>1</tempMax><tempMin>-1</tempMin><symbol><icon>03</icon><description>Nuboso: entre 4/8 y 5/8 de cielo cubierto</description></symbol></forecast><forecast period='next' date='03/01/2013'><tempMax>2</tempMax><tempMin>-3</tempMin><symbol><icon>04</icon><description>Muy nuboso: entre 5/8 y 7/8 de cielo cubierto</description></symbol></forecast></forecasts></day>
<day month='1' day='2' done='02/01/2013 [07:53:12]'><forecasts><forecast period='today' date='03/01/2013'><tempMax>2</tempMax><tempMin>-2</tempMin><symbol><icon>03</icon><description>Nuboso: entre 4/8 y 5/8 de cielo cubierto</description></symbol></forecast><forecast period='tomorrow' date='04/01/2013'><tempMax>2</tempMax><tempMin>0</tempMin><symbol><icon>03</icon><description>Nuboso: entre 4/8 y 5/8 de cielo cubierto</description></symbol></forecast></forecasts></day>
<day month='1' day='2' done='02/01/2013 [10:28:18]'><forecasts><forecast period='today' date='02/01/2013'><tempMax>1</tempMax><tempMin>-1</tempMin><symbol><icon>03</icon><description>Nuboso: entre 4/8 y 5/8 de cielo cubierto</description></symbol></forecast><forecast period='tomorrow' date='03/01/2013'><tempMax>2</tempMax><tempMin>-2</tempMin><symbol><icon>03</icon><description>Nuboso: entre 4/8 y 5/8 de cielo cubierto</description></symbol></forecast><forecast period='next' date='04/01/2013'><tempMax>2</tempMax><tempMin>0</tempMin><symbol><icon>03</icon><description>Nuboso: entre 4/8 y 5/8 de cielo cubierto</description></symbol></forecast></forecasts></day>
<day month='1' day='2' done='02/01/2013 [18:57:47]'><forecasts><forecast period='today' date='02/01/2013'><tempMax>1</tempMax><tempMin>-1</tempMin><symbol><icon>03</icon><description>Nuboso: entre 4/8 y 5/8 de cielo cubierto</description></symbol></forecast><forecast period='tomorrow' date='03/01/2013'><tempMax>2</tempMax><tempMin>-2</tempMin><symbol><icon>03</icon><description>Nuboso: entre 4/8 y 5/8 de cielo cubierto</description></symbol></forecast><forecast period='next' date='04/01/2013'><tempMax>2</tempMax><tempMin>0</tempMin><symbol><icon>03</icon><description>Nuboso: entre 4/8 y 5/8 de cielo cubierto</description></symbol></forecast></forecasts></day>
<day month='1' day='2' done='02/01/2013 [08:11:12]'><forecasts><forecast period='today' date='02/01/2013'><tempMax>1</tempMax><tempMin>-1</tempMin><symbol><icon>03</icon><description>Nuboso: entre 4/8 y 5/8 de cielo cubierto</description></symbol></forecast><forecast period='tomorrow' date='03/01/2013'><tempMax>2</tempMax><tempMin>-2</tempMin><symbol><icon>03</icon><description>Nuboso: entre 4/8 y 5/8 de cielo cubierto</description></symbol></forecast><forecast period='next' date='04/01/2013'><tempMax>2</tempMax><tempMin>0</tempMin><symbol><icon>03</icon><description>Nuboso: entre 4/8 y 5/8 de cielo cubierto</description></symbol></forecast></forecasts></day>
<day month='1' day='3' done='03/01/2013 [18:46:12]'><forecasts><forecast period='today' date='03/01/2013'><tempMax>0</tempMax><tempMin>-4</tempMin><symbol><icon>03</icon><description>Nuboso: entre 4/8 y 5/8 de cielo cubierto</description></symbol></forecast><forecast period='tomorrow' date='04/01/2013'><tempMax>3</tempMax><tempMin>0</tempMin><symbol><icon>03</icon><description>Nuboso: entre 4/8 y 5/8 de cielo cubierto</description></symbol></forecast><forecast period='next' date='05/01/2013'><tempMax>2</tempMax><tempMin>-2</tempMin><symbol><icon>03</icon><description>Nuboso: entre 4/8 y 5/8 de cielo cubierto</description></symbol></forecast></forecasts></day>
<day month='1' day='3' done='03/01/2013 [09:28:25]'><forecasts><forecast period='today' date='03/01/2013'><tempMax>0</tempMax><tempMin>-4</tempMin><symbol><icon>03</icon><description>Nuboso: entre 4/8 y 5/8 de cielo cubierto</description></symbol></forecast><forecast period='tomorrow' date='04/01/2013'><tempMax>3</tempMax><tempMin>0</tempMin><symbol><icon>03</icon><description>Nuboso: entre 4/8 y 5/8 de cielo cubierto</description></symbol></forecast><forecast period='next' date='05/01/2013'><tempMax>2</tempMax><tempMin>-2</tempMin><symbol><icon>03</icon><description>Nuboso: entre 4/8 y 5/8 de cielo cubierto</description></symbol></forecast></forecasts></day>
<day month='1' day='3' done='03/01/2013 [08:38:35]'><forecasts><forecast period='today' date='03/01/2013'><tempMax>0</tempMax><tempMin>-4</tempMin><symbol><icon>03</icon><description>Nuboso: entre 4/8 y 5/8 de cielo cubierto</description></symbol></forecast><forecast period='tomorrow' date='04/01/2013'><tempMax>3</tempMax><tempMin>0</tempMin><symbol><icon>03</icon><description>Nuboso: entre 4/8 y 5/8 de cielo cubierto</description></symbol></forecast><forecast period='next' date='05/01/2013'><tempMax>2</tempMax><tempMin>-2</tempMin><symbol><icon>03</icon><description>Nuboso: entre 4/8 y 5/8 de cielo cubierto</description></symbol></forecast></forecasts></day>
<day month='1' day='4' done='04/01/2013 [07:34:16]'><forecasts><forecast period='today' date='04/01/2013'><tempMax>3</tempMax><tempMin>1</tempMin><symbol><icon>03</icon><description>Nuboso: entre 4/8 y 5/8 de cielo cubierto</description></symbol></forecast><forecast period='tomorrow' date='05/01/2013'><tempMax>1</tempMax><tempMin>-3</tempMin><symbol><icon>03</icon><description>Nuboso: entre 4/8 y 5/8 de cielo cubierto</description></symbol></forecast><forecast period='next' date='06/01/2013'><tempMax>2</tempMax><tempMin>-1</tempMin><symbol><icon>04</icon><description>Muy nuboso: entre 5/8 y 7/8 de cielo cubierto</description></symbol></forecast></forecasts></day>
<day month='1' day='4' done='04/01/2013 [18:55:55]'><forecasts><forecast period='today' date='04/01/2013'><tempMax>3</tempMax><tempMin>1</tempMin><symbol><icon>03</icon><description>Nuboso: entre 4/8 y 5/8 de cielo cubierto</description></symbol></forecast><forecast period='tomorrow' date='05/01/2013'><tempMax>1</tempMax><tempMin>-3</tempMin><symbol><icon>03</icon><description>Nuboso: entre 4/8 y 5/8 de cielo cubierto</description></symbol></forecast><forecast period='next' date='06/01/2013'><tempMax>2</tempMax><tempMin>-1</tempMin><symbol><icon>04</icon><description>Muy nuboso: entre 5/8 y 7/8 de cielo cubierto</description></symbol></forecast></forecasts></day>
<day month='1' day='4' done='04/01/2013 [09:02:39]'><forecasts><forecast period='today' date='04/01/2013'><tempMax>3</tempMax><tempMin>1</tempMin><symbol><icon>03</icon><description>Nuboso: entre 4/8 y 5/8 de cielo cubierto</description></symbol></forecast><forecast period='tomorrow' date='05/01/2013'><tempMax>1</tempMax><tempMin>-3</tempMin><symbol><icon>03</icon><description>Nuboso: entre 4/8 y 5/8 de cielo cubierto</description></symbol></forecast><forecast period='next' date='06/01/2013'><tempMax>2</tempMax><tempMin>-1</tempMin><symbol><icon>04</icon><description>Muy nuboso: entre 5/8 y 7/8 de cielo cubierto</description></symbol></forecast></forecasts></day>
<day month='1' day='5' done='05/01/2013 [07:39:24]'><forecasts><forecast period='today' date='05/01/2013'><tempMax>0</tempMax><tempMin>-3</tempMin><symbol><icon>03</icon><description>Nuboso: entre 4/8 y 5/8 de cielo cubierto</description></symbol></forecast><forecast period='tomorrow' date='06/01/2013'><tempMax>2</tempMax><tempMin>-1</tempMin><symbol><icon>04</icon><description>Muy nuboso: entre 5/8 y 7/8 de cielo cubierto</description></symbol></forecast><forecast period='next' date='07/01/2013'><tempMax>1</tempMax><tempMin>0</tempMin><symbol><icon>04</icon><description>Muy nuboso: entre 5/8 y 7/8 de cielo cubierto</description></symbol></forecast></forecasts></day>
<day month='1' day='5' done='05/01/2013 [07:05:37]'><forecasts><forecast period='today' date='05/01/2013'><tempMax>0</tempMax><tempMin>-3</tempMin><symbol><icon>03</icon><description>Nuboso: entre 4/8 y 5/8 de cielo cubierto</description></symbol></forecast><forecast period='tomorrow' date='06/01/2013'><tempMax>2</tempMax><tempMin>-1</tempMin><symbol><icon>04</icon><description>Muy nuboso: entre 5/8 y 7/8 de cielo cubierto</description></symbol></forecast><forecast period='next' date='07/01/2013'><tempMax>1</tempMax><tempMin>0</tempMin><symbol><icon>04</icon><description>Muy nuboso: entre 5/8 y 7/8 de cielo cubierto</description></symbol></forecast></forecasts></day>
<day month='1' day='5' done='05/01/2013 [08:33:41]'><forecasts><forecast period='today' date='05/01/2013'><tempMax>0</tempMax><tempMin>-3</tempMin><symbol><icon>03</icon><description>Nuboso: entre 4/8 y 5/8 de cielo cubierto</description></symbol></forecast><forecast period='tomorrow' date='06/01/2013'><tempMax>2</tempMax><tempMin>-1</tempMin><symbol><icon>04</icon><description>Muy nuboso: entre 5/8 y 7/8 de cielo cubierto</description></symbol></forecast><forecast period='next' date='07/01/2013'><tempMax>1</tempMax><tempMin>0</tempMin><symbol><icon>04</icon><description>Muy nuboso: entre 5/8 y 7/8 de cielo cubierto</description></symbol></forecast></forecasts></day>
<day month='1' day='5' done='05/01/2013 [18:45:04]'><forecasts><forecast period='today' date='05/01/2013'><tempMax>0</tempMax><tempMin>-3</tempMin><symbol><icon>03</icon><description>Nuboso: entre 4/8 y 5/8 de cielo cubierto</description></symbol></forecast><forecast period='tomorrow' date='06/01/2013'><tempMax>2</tempMax><tempMin>-1</tempMin><symbol><icon>04</icon><description>Muy nuboso: entre 5/8 y 7/8 de cielo cubierto</description></symbol></forecast><forecast period='next' date='07/01/2013'><tempMax>1</tempMax><tempMin>0</tempMin><symbol><icon>04</icon><description>Muy nuboso: entre 5/8 y 7/8 de cielo cubierto</description></symbol></forecast></forecasts></day>
<day month='1' day='6' done='06/01/2013 [08:19:51]'><forecasts><forecast period='today' date='06/01/2013'><tempMax>1</tempMax><tempMin>-3</tempMin><symbol><icon>04</icon><description>Muy nuboso: entre 5/8 y 7/8 de cielo cubierto</description></symbol></forecast><forecast period='tomorrow' date='07/01/2013'><tempMax>2</tempMax><tempMin>-1</tempMin><symbol><icon>04</icon><description>Muy nuboso: entre 5/8 y 7/8 de cielo cubierto</description></symbol></forecast><forecast period='next' date='08/01/2013'><tempMax>2</tempMax><tempMin>1</tempMin><symbol><icon>04</icon><description>Muy nuboso: entre 5/8 y 7/8 de cielo cubierto</description></symbol></forecast></forecasts></day>
<day month='1' day='6' done='06/01/2013 [08:53:39]'><forecasts><forecast period='today' date='06/01/2013'><tempMax>1</tempMax><tempMin>-3</tempMin><symbol><icon>04</icon><description>Muy nuboso: entre 5/8 y 7/8 de cielo cubierto</description></symbol></forecast><forecast period='tomorrow' date='07/01/2013'><tempMax>2</tempMax><tempMin>-1</tempMin><symbol><icon>04</icon><description>Muy nuboso: entre 5/8 y 7/8 de cielo cubierto</description></symbol></forecast><forecast period='next' date='08/01/2013'><tempMax>2</tempMax><tempMin>1</tempMin><symbol><icon>04</icon><description>Muy nuboso: entre 5/8 y 7/8 de cielo cubierto</description></symbol></forecast></forecasts></day>
<day month='1' day='6' done='06/01/2013 [13:22:18]'><forecasts><forecast period='today' date='06/01/2013'><tempMax>1</tempMax><tempMin>-3</tempMin><symbol><icon>04</icon><description>Muy nuboso: entre 5/8 y 7/8 de cielo cubierto</description></symbol></forecast><forecast period='tomorrow' date='07/01/2013'><tempMax>2</tempMax><tempMin>-1</tempMin><symbol><icon>04</icon><description>Muy nuboso: entre 5/8 y 7/8 de cielo cubierto</description></symbol></forecast><forecast period='next' date='08/01/2013'><tempMax>2</tempMax><tempMin>1</tempMin><symbol><icon>04</icon><description>Muy nuboso: entre 5/8 y 7/8 de cielo cubierto</description></symbol></forecast></forecasts></day>
<day month='1' day='6' done='06/01/2013 [18:57:52]'><forecasts><forecast period='today' date='06/01/2013'><tempMax>1</tempMax><tempMin>-3</tempMin><symbol><icon>04</icon><description>Muy nuboso: entre 5/8 y 7/8 de cielo cubierto</description></symbol></forecast><forecast period='tomorrow' date='07/01/2013'><tempMax>2</tempMax><tempMin>-1</tempMin><symbol><icon>04</icon><description>Muy nuboso: entre 5/8 y 7/8 de cielo cubierto</description></symbol></forecast><forecast period='next' date='08/01/2013'><tempMax>2</tempMax><tempMin>1</tempMin><symbol><icon>04</icon><description>Muy nuboso: entre 5/8 y 7/8 de cielo cubierto</description></symbol></forecast></forecasts></day>
<day month='1' day='7' done='07/01/2013 [07:22:35]'><forecasts><forecast period='today' date='07/01/2013'><tempMax>2</tempMax><tempMin>-1</tempMin><symbol><icon>04</icon><description>Muy nuboso: entre 5/8 y 7/8 de cielo cubierto</description></symbol></forecast><forecast period='tomorrow' date='08/01/2013'><tempMax>2</tempMax><tempMin>1</tempMin><symbol><icon>04</icon><description>Muy nuboso: entre 5/8 y 7/8 de cielo cubierto</description></symbol></forecast><forecast period='next' date='09/01/2013'><tempMax>1</tempMax><tempMin>-3</tempMin><symbol><icon>03</icon><description>Nuboso: entre 4/8 y 5/8 de cielo cubierto</description></symbol></forecast></forecasts></day>
<day month='1' day='7' done='07/01/2013 [10:05:19]'><forecasts><forecast period='today' date='07/01/2013'><tempMax>2</tempMax><tempMin>-1</tempMin><symbol><icon>04</icon><description>Muy nuboso: entre 5/8 y 7/8 de cielo cubierto</description></symbol></forecast><forecast period='tomorrow' date='08/01/2013'><tempMax>2</tempMax><tempMin>1</tempMin><symbol><icon>04</icon><description>Muy nuboso: entre 5/8 y 7/8 de cielo cubierto</description></symbol></forecast><forecast period='next' date='09/01/2013'><tempMax>1</tempMax><tempMin>-3</tempMin><symbol><icon>03</icon><description>Nuboso: entre 4/8 y 5/8 de cielo cubierto</description></symbol></forecast></forecasts></day>
<day month='1' day='7' done='07/01/2013 [11:30:51]'><forecasts><forecast period='today' date='07/01/2013'><tempMax>2</tempMax><tempMin>-1</tempMin><symbol><icon>04</icon><description>Muy nuboso: entre 5/8 y 7/8 de cielo cubierto</description></symbol></forecast><forecast period='tomorrow' date='08/01/2013'><tempMax>2</tempMax><tempMin>1</tempMin><symbol><icon>04</icon><description>Muy nuboso: entre 5/8 y 7/8 de cielo cubierto</description></symbol></forecast><forecast period='next' date='09/01/2013'><tempMax>1</tempMax><tempMin>-3</tempMin><symbol><icon>03</icon><description>Nuboso: entre 4/8 y 5/8 de cielo cubierto</description></symbol></forecast></forecasts></day>
<day month='1' day='7' done='07/01/2013 [18:24:31]'><forecasts><forecast period='today' date='07/01/2013'><tempMax>2</tempMax><tempMin>-1</tempMin><symbol><icon>04</icon><description>Muy nuboso: entre 5/8 y 7/8 de cielo cubierto</description></symbol></forecast><forecast period='tomorrow' date='08/01/2013'><tempMax>2</tempMax><tempMin>1</tempMin><symbol><icon>04</icon><description>Muy nuboso: entre 5/8 y 7/8 de cielo cubierto</description></symbol></forecast><forecast period='next' date='09/01/2013'><tempMax>1</tempMax><tempMin>-3</tempMin><symbol><icon>03</icon><description>Nuboso: entre 4/8 y 5/8 de cielo cubierto</description></symbol></forecast></forecasts></day>
<day month='1' day='8' done='08/01/2013 [18:14:50]'><forecasts><forecast period='today' date='08/01/2013'><tempMax>2</tempMax><tempMin>0</tempMin><symbol><icon>03</icon><description>Nuboso: entre 4/8 y 5/8 de cielo cubierto</description></symbol></forecast><forecast period='tomorrow' date='09/01/2013'><tempMax>0</tempMax><tempMin>-3</tempMin><symbol><icon>02</icon><description>Parcialmente nuboso: entre 2/8 y 4/8 de cielo cubierto</description></symbol></forecast><forecast period='next' date='10/01/2013'><tempMax>0</tempMax><tempMin>-5</tempMin><symbol><icon>04</icon><description>Muy nuboso: entre 5/8 y 7/8 de cielo cubierto</description></symbol></forecast></forecasts></day>
<day month='1' day='8' done='08/01/2013 [07:21:33]'><forecasts><forecast period='today' date='08/01/2013'><tempMax>2</tempMax><tempMin>0</tempMin><symbol><icon>03</icon><description>Nuboso: entre 4/8 y 5/8 de cielo cubierto</description></symbol></forecast><forecast period='tomorrow' date='09/01/2013'><tempMax>0</tempMax><tempMin>-3</tempMin><symbol><icon>02</icon><description>Parcialmente nuboso: entre 2/8 y 4/8 de cielo cubierto</description></symbol></forecast><forecast period='next' date='10/01/2013'><tempMax>0</tempMax><tempMin>-5</tempMin><symbol><icon>04</icon><description>Muy nuboso: entre 5/8 y 7/8 de cielo cubierto</description></symbol></forecast></forecasts></day>
<day month='1' day='8' done='08/01/2013 [10:35:40]'><forecasts><forecast period='today' date='08/01/2013'><tempMax>2</tempMax><tempMin>0</tempMin><symbol><icon>03</icon><description>Nuboso: entre 4/8 y 5/8 de cielo cubierto</description></symbol></forecast><forecast period='tomorrow' date='09/01/2013'><tempMax>0</tempMax><tempMin>-3</tempMin><symbol><icon>02</icon><description>Parcialmente nuboso: entre 2/8 y 4/8 de cielo cubierto</description></symbol></forecast><forecast period='next' date='10/01/2013'><tempMax>0</tempMax><tempMin>-5</tempMin><symbol><icon>04</icon><description>Muy nuboso: entre 5/8 y 7/8 de cielo cubierto</description></symbol></forecast></forecasts></day>
<day month='1' day='9' done='09/01/2013 [07:29:51]'><forecasts><forecast period='today' date='09/01/2013'><tempMax>0</tempMax><tempMin>-4</tempMin><symbol><icon>03</icon><description>Nuboso: entre 4/8 y 5/8 de cielo cubierto</description></symbol></forecast><forecast period='tomorrow' date='10/01/2013'><tempMax>-1</tempMax><tempMin>-4</tempMin><symbol><icon>03</icon><description>Nuboso: entre 4/8 y 5/8 de cielo cubierto</description></symbol></forecast><forecast period='next' date='11/01/2013'><tempMax>-1</tempMax><tempMin>-5</tempMin><symbol><icon>17</icon><description>Nieve débil: precipitación en forma de nieve, con espesores acumulados inferiores a 10 cm/h</description></symbol></forecast></forecasts></day>
<day month='1' day='9' done='09/01/2013 [09:51:12]'><forecasts><forecast period='today' date='09/01/2013'><tempMax>0</tempMax><tempMin>-4</tempMin><symbol><icon>03</icon><description>Nuboso: entre 4/8 y 5/8 de cielo cubierto</description></symbol></forecast><forecast period='tomorrow' date='10/01/2013'><tempMax>-1</tempMax><tempMin>-4</tempMin><symbol><icon>03</icon><description>Nuboso: entre 4/8 y 5/8 de cielo cubierto</description></symbol></forecast><forecast period='next' date='11/01/2013'><tempMax>-1</tempMax><tempMin>-5</tempMin><symbol><icon>17</icon><description>Nieve débil: precipitación en forma de nieve, con espesores acumulados inferiores a 10 cm/h</description></symbol></forecast></forecasts></day>
<day month='1' day='9' done='09/01/2013 [10:12:27]'><forecasts><forecast period='today' date='09/01/2013'><tempMax>0</tempMax><tempMin>-4</tempMin><symbol><icon>03</icon><description>Nuboso: entre 4/8 y 5/8 de cielo cubierto</description></symbol></forecast><forecast period='tomorrow' date='10/01/2013'><tempMax>-1</tempMax><tempMin>-4</tempMin><symbol><icon>03</icon><description>Nuboso: entre 4/8 y 5/8 de cielo cubierto</description></symbol></forecast><forecast period='next' date='11/01/2013'><tempMax>-1</tempMax><tempMin>-5</tempMin><symbol><icon>17</icon><description>Nieve débil: precipitación en forma de nieve, con espesores acumulados inferiores a 10 cm/h</description></symbol></forecast></forecasts></day>
<day month='1' day='9' done='09/01/2013 [18:42:36]'><forecasts><forecast period='today' date='09/01/2013'><tempMax>0</tempMax><tempMin>-4</tempMin><symbol><icon>03</icon><description>Nuboso: entre 4/8 y 5/8 de cielo cubierto</description></symbol></forecast><forecast period='tomorrow' date='10/01/2013'><tempMax>-1</tempMax><tempMin>-4</tempMin><symbol><icon>03</icon><description>Nuboso: entre 4/8 y 5/8 de cielo cubierto</description></symbol></forecast><forecast period='next' date='11/01/2013'><tempMax>-1</tempMax><tempMin>-5</tempMin><symbol><icon>17</icon><description>Nieve débil: precipitación en forma de nieve, con espesores acumulados inferiores a 10 cm/h</description></symbol></forecast></forecasts></day>
<day month='1' day='10' done='10/01/2013 [18:18:59]'><forecasts><forecast period='today' date='10/01/2013'><tempMax>0</tempMax><tempMin>-5</tempMin><symbol><icon>17</icon><description>Nieve débil: precipitación en forma de nieve, con espesores acumulados inferiores a 10 cm/h</description></symbol></forecast><forecast period='tomorrow' date='11/01/2013'><tempMax>-2</tempMax><tempMin>-5</tempMin><symbol><icon>17</icon><description>Nieve débil: precipitación en forma de nieve, con espesores acumulados inferiores a 10 cm/h</description></symbol></forecast><forecast period='next' date='12/01/2013'><tempMax>-2</tempMax><tempMin>-5</tempMin><symbol><icon>03</icon><description>Nuboso: entre 4/8 y 5/8 de cielo cubierto</description></symbol></forecast></forecasts></day>
<day month='1' day='10' done='10/01/2013 [10:25:45]'><forecasts><forecast period='today' date='10/01/2013'><tempMax>0</tempMax><tempMin>-5</tempMin><symbol><icon>17</icon><description>Nieve débil: precipitación en forma de nieve, con espesores acumulados inferiores a 10 cm/h</description></symbol></forecast><forecast period='tomorrow' date='11/01/2013'><tempMax>-2</tempMax><tempMin>-5</tempMin><symbol><icon>17</icon><description>Nieve débil: precipitación en forma de nieve, con espesores acumulados inferiores a 10 cm/h</description></symbol></forecast><forecast period='next' date='12/01/2013'><tempMax>-2</tempMax><tempMin>-5</tempMin><symbol><icon>03</icon><description>Nuboso: entre 4/8 y 5/8 de cielo cubierto</description></symbol></forecast></forecasts></day>
<day month='1' day='10' done='10/01/2013 [07:50:42]'><forecasts><forecast period='today' date='10/01/2013'><tempMax>0</tempMax><tempMin>-5</tempMin><symbol><icon>17</icon><description>Nieve débil: precipitación en forma de nieve, con espesores acumulados inferiores a 10 cm/h</description></symbol></forecast><forecast period='tomorrow' date='11/01/2013'><tempMax>-2</tempMax><tempMin>-5</tempMin><symbol><icon>17</icon><description>Nieve débil: precipitación en forma de nieve, con espesores acumulados inferiores a 10 cm/h</description></symbol></forecast><forecast period='next' date='12/01/2013'><tempMax>-2</tempMax><tempMin>-5</tempMin><symbol><icon>03</icon><description>Nuboso: entre 4/8 y 5/8 de cielo cubierto</description></symbol></forecast></forecasts></day>
<day month='1' day='11' done='11/01/2013 [08:14:09]'><forecasts><forecast period='today' date='11/01/2013'><tempMax>-3</tempMax><tempMin>-5</tempMin><symbol><icon>17</icon><description>Nieve débil: precipitación en forma de nieve, con espesores acumulados inferiores a 10 cm/h</description></symbol></forecast><forecast period='tomorrow' date='12/01/2013'><tempMax>-3</tempMax><tempMin>-5</tempMin><symbol><icon>03</icon><description>Nuboso: entre 4/8 y 5/8 de cielo cubierto</description></symbol></forecast><forecast period='next' date='13/01/2013'><tempMax>-3</tempMax><tempMin>-6</tempMin><symbol><icon>03</icon><description>Nuboso: entre 4/8 y 5/8 de cielo cubierto</description></symbol></forecast></forecasts></day>
<day month='1' day='11' done='11/01/2013 [10:17:05]'><forecasts><forecast period='today' date='11/01/2013'><tempMax>-3</tempMax><tempMin>-5</tempMin><symbol><icon>17</icon><description>Nieve débil: precipitación en forma de nieve, con espesores acumulados inferiores a 10 cm/h</description></symbol></forecast><forecast period='tomorrow' date='12/01/2013'><tempMax>-3</tempMax><tempMin>-5</tempMin><symbol><icon>03</icon><description>Nuboso: entre 4/8 y 5/8 de cielo cubierto</description></symbol></forecast><forecast period='next' date='13/01/2013'><tempMax>-3</tempMax><tempMin>-6</tempMin><symbol><icon>03</icon><description>Nuboso: entre 4/8 y 5/8 de cielo cubierto</description></symbol></forecast></forecasts></day>
<day month='1' day='11' done='11/01/2013 [18:14:37]'><forecasts><forecast period='today' date='11/01/2013'><tempMax>-3</tempMax><tempMin>-5</tempMin><symbol><icon>17</icon><description>Nieve débil: precipitación en forma de nieve, con espesores acumulados inferiores a 10 cm/h</description></symbol></forecast><forecast period='tomorrow' date='12/01/2013'><tempMax>-3</tempMax><tempMin>-5</tempMin><symbol><icon>03</icon><description>Nuboso: entre 4/8 y 5/8 de cielo cubierto</description></symbol></forecast><forecast period='next' date='13/01/2013'><tempMax>-3</tempMax><tempMin>-6</tempMin><symbol><icon>03</icon><description>Nuboso: entre 4/8 y 5/8 de cielo cubierto</description></symbol></forecast></forecasts></day>
<day month='1' day='11' done='11/01/2013 [09:54:25]'><forecasts><forecast period='today' date='11/01/2013'><tempMax>-3</tempMax><tempMin>-5</tempMin><symbol><icon>17</icon><description>Nieve débil: precipitación en forma de nieve, con espesores acumulados inferiores a 10 cm/h</description></symbol></forecast><forecast period='tomorrow' date='12/01/2013'><tempMax>-3</tempMax><tempMin>-5</tempMin><symbol><icon>03</icon><description>Nuboso: entre 4/8 y 5/8 de cielo cubierto</description></symbol></forecast><forecast period='next' date='13/01/2013'><tempMax>-3</tempMax><tempMin>-6</tempMin><symbol><icon>03</icon><description>Nuboso: entre 4/8 y 5/8 de cielo cubierto</description></symbol></forecast></forecasts></day>
<day month='1' day='12' done='12/01/2013 [07:10:37]'><forecasts><forecast period='today' date='12/01/2013'><tempMax>-2</tempMax><tempMin>-6</tempMin><symbol><icon>03</icon><description>Nuboso: entre 4/8 y 5/8 de cielo cubierto</description></symbol></forecast><forecast period='tomorrow' date='13/01/2013'><tempMax>-4</tempMax><tempMin>-8</tempMin><symbol><icon>03</icon><description>Nuboso: entre 4/8 y 5/8 de cielo cubierto</description></symbol></forecast><forecast period='next' date='14/01/2013'><tempMax>-5</tempMax><tempMin>-8</tempMin><symbol><icon>03</icon><description>Nuboso: entre 4/8 y 5/8 de cielo cubierto</description></symbol></forecast></forecasts></day>
<day month='1' day='12' done='12/01/2013 [18:16:32]'><forecasts><forecast period='today' date='12/01/2013'><tempMax>-2</tempMax><tempMin>-6</tempMin><symbol><icon>03</icon><description>Nuboso: entre 4/8 y 5/8 de cielo cubierto</description></symbol></forecast><forecast period='tomorrow' date='13/01/2013'><tempMax>-4</tempMax><tempMin>-8</tempMin><symbol><icon>03</icon><description>Nuboso: entre 4/8 y 5/8 de cielo cubierto</description></symbol></forecast><forecast period='next' date='14/01/2013'><tempMax>-5</tempMax><tempMin>-8</tempMin><symbol><icon>03</icon><description>Nuboso: entre 4/8 y 5/8 de cielo cubierto</description></symbol></forecast></forecasts></day>
<day month='1' day='12' done='12/01/2013 [12:09:55]'><forecasts><forecast period='today' date='12/01/2013'><tempMax>-2</tempMax><tempMin>-6</tempMin><symbol><icon>03</icon><description>Nuboso: entre 4/8 y 5/8 de cielo cubierto</description></symbol></forecast><forecast period='tomorrow' date='13/01/2013'><tempMax>-4</tempMax><tempMin>-8</tempMin><symbol><icon>03</icon><description>Nuboso: entre 4/8 y 5/8 de cielo cubierto</description></symbol></forecast><forecast period='next' date='14/01/2013'><tempMax>-5</tempMax><tempMin>-8</tempMin><symbol><icon>03</icon><description>Nuboso: entre 4/8 y 5/8 de cielo cubierto</description></symbol></forecast></forecasts></day>
<day month='1' day='13' done='13/01/2013 [11:27:19]'><forecasts><forecast period='today' date='13/01/2013'><tempMax>-4</tempMax><tempMin>-9</tempMin><symbol><icon>02</icon><description>Parcialmente nuboso: entre 2/8 y 4/8 de cielo cubierto</description></symbol></forecast><forecast period='tomorrow' date='14/01/2013'><tempMax>-5</tempMax><tempMin>-8</tempMin><symbol><icon>02</icon><description>Parcialmente nuboso: entre 2/8 y 4/8 de cielo cubierto</description></symbol></forecast><forecast period='next' date='15/01/2013'><tempMax>-2</tempMax><tempMin>-8</tempMin><symbol><icon>04</icon><description>Muy nuboso: entre 5/8 y 7/8 de cielo cubierto</description></symbol></forecast></forecasts></day>
<day month='1' day='13' done='13/01/2013 [09:30:29]'><forecasts><forecast period='today' date='13/01/2013'><tempMax>-4</tempMax><tempMin>-9</tempMin><symbol><icon>02</icon><description>Parcialmente nuboso: entre 2/8 y 4/8 de cielo cubierto</description></symbol></forecast><forecast period='tomorrow' date='14/01/2013'><tempMax>-5</tempMax><tempMin>-8</tempMin><symbol><icon>02</icon><description>Parcialmente nuboso: entre 2/8 y 4/8 de cielo cubierto</description></symbol></forecast><forecast period='next' date='15/01/2013'><tempMax>-2</tempMax><tempMin>-8</tempMin><symbol><icon>04</icon><description>Muy nuboso: entre 5/8 y 7/8 de cielo cubierto</description></symbol></forecast></forecasts></day>
<day month='1' day='13' done='13/01/2013 [18:30:44]'><forecasts><forecast period='today' date='13/01/2013'><tempMax>-4</tempMax><tempMin>-9</tempMin><symbol><icon>02</icon><description>Parcialmente nuboso: entre 2/8 y 4/8 de cielo cubierto</description></symbol></forecast><forecast period='tomorrow' date='14/01/2013'><tempMax>-5</tempMax><tempMin>-8</tempMin><symbol><icon>02</icon><description>Parcialmente nuboso: entre 2/8 y 4/8 de cielo cubierto</description></symbol></forecast><forecast period='next' date='15/01/2013'><tempMax>-2</tempMax><tempMin>-8</tempMin><symbol><icon>04</icon><description>Muy nuboso: entre 5/8 y 7/8 de cielo cubierto</description></symbol></forecast></forecasts></day>
<day month='1' day='13' done='13/01/2013 [06:58:59]'><forecasts><forecast period='today' date='13/01/2013'><tempMax>-4</tempMax><tempMin>-9</tempMin><symbol><icon>02</icon><description>Parcialmente nuboso: entre 2/8 y 4/8 de cielo cubierto</description></symbol></forecast><forecast period='tomorrow' date='14/01/2013'><tempMax>-5</tempMax><tempMin>-8</tempMin><symbol><icon>02</icon><description>Parcialmente nuboso: entre 2/8 y 4/8 de cielo cubierto</description></symbol></forecast><forecast period='next' date='15/01/2013'><tempMax>-2</tempMax><tempMin>-8</tempMin><symbol><icon>04</icon><description>Muy nuboso: entre 5/8 y 7/8 de cielo cubierto</description></symbol></forecast></forecasts></day>
<day month='1' day='14' done='14/01/2013 [07:11:05]'><forecasts><forecast period='today' date='14/01/2013'><tempMax>-5</tempMax><tempMin>-11</tempMin><symbol><icon>02</icon><description>Parcialmente nuboso: entre 2/8 y 4/8 de cielo cubierto</description></symbol></forecast><forecast period='tomorrow' date='15/01/2013'><tempMax>-2</tempMax><tempMin>-7</tempMin><symbol><icon>17</icon><description>Nieve débil: precipitación en forma de nieve, con espesores acumulados inferiores a 10 cm/h</description></symbol></forecast><forecast period='next' date='16/01/2013'><tempMax>0</tempMax><tempMin>-3</tempMin><symbol><icon>17</icon><description>Nieve débil: precipitación en forma de nieve, con espesores acumulados inferiores a 10 cm/h</description></symbol></forecast></forecasts></day>
<day month='1' day='14' done='14/01/2013 [09:20:35]'><forecasts><forecast period='today' date='14/01/2013'><tempMax>-5</tempMax><tempMin>-11</tempMin><symbol><icon>02</icon><description>Parcialmente nuboso: entre 2/8 y 4/8 de cielo cubierto</description></symbol></forecast><forecast period='tomorrow' date='15/01/2013'><tempMax>-2</tempMax><tempMin>-7</tempMin><symbol><icon>17</icon><description>Nieve débil: precipitación en forma de nieve, con espesores acumulados inferiores a 10 cm/h</description></symbol></forecast><forecast period='next' date='16/01/2013'><tempMax>0</tempMax><tempMin>-3</tempMin><symbol><icon>17</icon><description>Nieve débil: precipitación en forma de nieve, con espesores acumulados inferiores a 10 cm/h</description></symbol></forecast></forecasts></day>
<day month='1' day='14' done='14/01/2013 [12:17:55]'><forecasts><forecast period='today' date='14/01/2013'><tempMax>-5</tempMax><tempMin>-11</tempMin><symbol><icon>02</icon><description>Parcialmente nuboso: entre 2/8 y 4/8 de cielo cubierto</description></symbol></forecast><forecast period='tomorrow' date='15/01/2013'><tempMax>-2</tempMax><tempMin>-7</tempMin><symbol><icon>17</icon><description>Nieve débil: precipitación en forma de nieve, con espesores acumulados inferiores a 10 cm/h</description></symbol></forecast><forecast period='next' date='16/01/2013'><tempMax>0</tempMax><tempMin>-3</tempMin><symbol><icon>17</icon><description>Nieve débil: precipitación en forma de nieve, con espesores acumulados inferiores a 10 cm/h</description></symbol></forecast></forecasts></day>
<day month='1' day='14' done='14/01/2013 [20:58:53]'><forecasts><forecast period='today' date='14/01/2013'><tempMax>-5</tempMax><tempMin>-11</tempMin><symbol><icon>02</icon><description>Parcialmente nuboso: entre 2/8 y 4/8 de cielo cubierto</description></symbol></forecast><forecast period='tomorrow' date='15/01/2013'><tempMax>-2</tempMax><tempMin>-7</tempMin><symbol><icon>17</icon><description>Nieve débil: precipitación en forma de nieve, con espesores acumulados inferiores a 10 cm/h</description></symbol></forecast><forecast period='next' date='16/01/2013'><tempMax>0</tempMax><tempMin>-3</tempMin><symbol><icon>17</icon><description>Nieve débil: precipitación en forma de nieve, con espesores acumulados inferiores a 10 cm/h</description></symbol></forecast></forecasts></day>
<day month='1' day='15' done='15/01/2013 [08:39:20]'><forecasts><forecast period='today' date='15/01/2013'><tempMax>-1</tempMax><tempMin>-6</tempMin><symbol><icon>18</icon><description>Nieve: precipitación de cristales de hielo</description></symbol></forecast><forecast period='tomorrow' date='16/01/2013'><tempMax>-1</tempMax><tempMin>-3</tempMin><symbol><icon>18</icon><description>Nieve: precipitación de cristales de hielo</description></symbol></forecast><forecast period='next' date='17/01/2013'><tempMax>-3</tempMax><tempMin>-4</tempMin><symbol><icon>18</icon><description>Nieve: precipitación de cristales de hielo</description></symbol></forecast></forecasts></day>
<day month='1' day='15' done='15/01/2013 [11:12:22]'><forecasts><forecast period='today' date='15/01/2013'><tempMax>-1</tempMax><tempMin>-6</tempMin><symbol><icon>18</icon><description>Nieve: precipitación de cristales de hielo</description></symbol></forecast><forecast period='tomorrow' date='16/01/2013'><tempMax>-1</tempMax><tempMin>-3</tempMin><symbol><icon>18</icon><description>Nieve: precipitación de cristales de hielo</description></symbol></forecast><forecast period='next' date='17/01/2013'><tempMax>-3</tempMax><tempMin>-4</tempMin><symbol><icon>18</icon><description>Nieve: precipitación de cristales de hielo</description></symbol></forecast></forecasts></day>
<day month='1' day='15' done='15/01/2013 [21:16:15]'><forecasts><forecast period='today' date='15/01/2013'><tempMax>-1</tempMax><tempMin>-6</tempMin><symbol><icon>18</icon><description>Nieve: precipitación de cristales de hielo</description></symbol></forecast><forecast period='tomorrow' date='16/01/2013'><tempMax>-1</tempMax><tempMin>-3</tempMin><symbol><icon>18</icon><description>Nieve: precipitación de cristales de hielo</description></symbol></forecast><forecast period='next' date='17/01/2013'><tempMax>-3</tempMax><tempMin>-4</tempMin><symbol><icon>18</icon><description>Nieve: precipitación de cristales de hielo</description></symbol></forecast></forecasts></day>
<day month='1' day='16' done='16/01/2013 [11:22:01]'><forecasts><forecast period='today' date='16/01/2013'><tempMax>-1</tempMax><tempMin>-4</tempMin><symbol><icon>18</icon><description>Nieve: precipitación de cristales de hielo</description></symbol></forecast><forecast period='tomorrow' date='17/01/2013'><tempMax>-3</tempMax><tempMin>-4</tempMin><symbol><icon>18</icon><description>Nieve: precipitación de cristales de hielo</description></symbol></forecast><forecast period='next' date='18/01/2013'><tempMax>-5</tempMax><tempMin>-8</tempMin><symbol><icon>03</icon><description>Nuboso: entre 4/8 y 5/8 de cielo cubierto</description></symbol></forecast></forecasts></day>
<day month='1' day='16' done='16/01/2013 [21:09:42]'><forecasts><forecast period='today' date='16/01/2013'><tempMax>-1</tempMax><tempMin>-4</tempMin><symbol><icon>18</icon><description>Nieve: precipitación de cristales de hielo</description></symbol></forecast><forecast period='tomorrow' date='17/01/2013'><tempMax>-3</tempMax><tempMin>-4</tempMin><symbol><icon>18</icon><description>Nieve: precipitación de cristales de hielo</description></symbol></forecast><forecast period='next' date='18/01/2013'><tempMax>-5</tempMax><tempMin>-8</tempMin><symbol><icon>03</icon><description>Nuboso: entre 4/8 y 5/8 de cielo cubierto</description></symbol></forecast></forecasts></day>
<day month='1' day='16' done='16/01/2013 [08:21:13]'><forecasts><forecast period='today' date='16/01/2013'><tempMax>-1</tempMax><tempMin>-4</tempMin><symbol><icon>18</icon><description>Nieve: precipitación de cristales de hielo</description></symbol></forecast><forecast period='tomorrow' date='17/01/2013'><tempMax>-3</tempMax><tempMin>-4</tempMin><symbol><icon>18</icon><description>Nieve: precipitación de cristales de hielo</description></symbol></forecast><forecast period='next' date='18/01/2013'><tempMax>-5</tempMax><tempMin>-8</tempMin><symbol><icon>03</icon><description>Nuboso: entre 4/8 y 5/8 de cielo cubierto</description></symbol></forecast></forecasts></day>
<day month='1' day='17' done='17/01/2013 [08:55:37]'><forecasts><forecast period='today' date='17/01/2013'><tempMax>-2</tempMax><tempMin>-4</tempMin><symbol><icon>03</icon><description>Nuboso: entre 4/8 y 5/8 de cielo cubierto</description></symbol></forecast><forecast period='tomorrow' date='18/01/2013'><tempMax>-5</tempMax><tempMin>-8</tempMin><symbol><icon>03</icon><description>Nuboso: entre 4/8 y 5/8 de cielo cubierto</description></symbol></forecast><forecast period='next' date='19/01/2013'><tempMax>-8</tempMax><tempMin>-13</tempMin><symbol><icon>03</icon><description>Nuboso: entre 4/8 y 5/8 de cielo cubierto</description></symbol></forecast></forecasts></day>
<day month='1' day='17' done='17/01/2013 [19:17:35]'><forecasts><forecast period='today' date='17/01/2013'><tempMax>-2</tempMax><tempMin>-4</tempMin><symbol><icon>03</icon><description>Nuboso: entre 4/8 y 5/8 de cielo cubierto</description></symbol></forecast><forecast period='tomorrow' date='18/01/2013'><tempMax>-5</tempMax><tempMin>-8</tempMin><symbol><icon>03</icon><description>Nuboso: entre 4/8 y 5/8 de cielo cubierto</description></symbol></forecast><forecast period='next' date='19/01/2013'><tempMax>-8</tempMax><tempMin>-13</tempMin><symbol><icon>03</icon><description>Nuboso: entre 4/8 y 5/8 de cielo cubierto</description></symbol></forecast></forecasts></day>
<day month='1' day='17' done='17/01/2013 [10:36:24]'><forecasts><forecast period='today' date='17/01/2013'><tempMax>-2</tempMax><tempMin>-4</tempMin><symbol><icon>03</icon><description>Nuboso: entre 4/8 y 5/8 de cielo cubierto</description></symbol></forecast><forecast period='tomorrow' date='18/01/2013'><tempMax>-5</tempMax><tempMin>-8</tempMin><symbol><icon>03</icon><description>Nuboso: entre 4/8 y 5/8 de cielo cubierto</description></symbol></forecast><forecast period='next' date='19/01/2013'><tempMax>-8</tempMax><tempMin>-13</tempMin><symbol><icon>03</icon><description>Nuboso: entre 4/8 y 5/8 de cielo cubierto</description></symbol></forecast></forecasts></day>
<day month='1' day='18' done='18/01/2013 [08:41:25]'><forecasts><forecast period='today' date='18/01/2013'><tempMax>-5</tempMax><tempMin>-8</tempMin><symbol><icon>03</icon><description>Nuboso: entre 4/8 y 5/8 de cielo cubierto</description></symbol></forecast><forecast period='tomorrow' date='19/01/2013'><tempMax>-7</tempMax><tempMin>-14</tempMin><symbol><icon>03</icon><description>Nuboso: entre 4/8 y 5/8 de cielo cubierto</description></symbol></forecast><forecast period='next' date='20/01/2013'><tempMax>-2</tempMax><tempMin>-8</tempMin><symbol><icon>03</icon><description>Nuboso: entre 4/8 y 5/8 de cielo cubierto</description></symbol></forecast></forecasts></day>
<day month='1' day='18' done='18/01/2013 [20:49:33]'><forecasts><forecast period='today' date='18/01/2013'><tempMax>-5</tempMax><tempMin>-8</tempMin><symbol><icon>03</icon><description>Nuboso: entre 4/8 y 5/8 de cielo cubierto</description></symbol></forecast><forecast period='tomorrow' date='19/01/2013'><tempMax>-7</tempMax><tempMin>-14</tempMin><symbol><icon>03</icon><description>Nuboso: entre 4/8 y 5/8 de cielo cubierto</description></symbol></forecast><forecast period='next' date='20/01/2013'><tempMax>-2</tempMax><tempMin>-8</tempMin><symbol><icon>03</icon><description>Nuboso: entre 4/8 y 5/8 de cielo cubierto</description></symbol></forecast></forecasts></day>
<day month='1' day='18' done='18/01/2013 [10:21:26]'><forecasts><forecast period='today' date='18/01/2013'><tempMax>-5</tempMax><tempMin>-8</tempMin><symbol><icon>03</icon><description>Nuboso: entre 4/8 y 5/8 de cielo cubierto</description></symbol></forecast><forecast period='tomorrow' date='19/01/2013'><tempMax>-7</tempMax><tempMin>-14</tempMin><symbol><icon>03</icon><description>Nuboso: entre 4/8 y 5/8 de cielo cubierto</description></symbol></forecast><forecast period='next' date='20/01/2013'><tempMax>-2</tempMax><tempMin>-8</tempMin><symbol><icon>03</icon><description>Nuboso: entre 4/8 y 5/8 de cielo cubierto</description></symbol></forecast></forecasts></day>
<day month='1' day='19' done='19/01/2013 [07:51:26]'><forecasts><forecast period='today' date='19/01/2013'><tempMax>-9</tempMax><tempMin>-14</tempMin><symbol><icon>03</icon><description>Nuboso: entre 4/8 y 5/8 de cielo cubierto</description></symbol></forecast><forecast period='tomorrow' date='20/01/2013'><tempMax>-2</tempMax><tempMin>-12</tempMin><symbol><icon>03</icon><description>Nuboso: entre 4/8 y 5/8 de cielo cubierto</description></symbol></forecast><forecast period='next' date='21/01/2013'><tempMax>-3</tempMax><tempMin>-7</tempMin><symbol><icon>03</icon><description>Nuboso: entre 4/8 y 5/8 de cielo cubierto</description></symbol></forecast></forecasts></day>
<day month='1' day='19' done='19/01/2013 [20:40:47]'><forecasts><forecast period='today' date='19/01/2013'><tempMax>-9</tempMax><tempMin>-14</tempMin><symbol><icon>03</icon><description>Nuboso: entre 4/8 y 5/8 de cielo cubierto</description></symbol></forecast><forecast period='tomorrow' date='20/01/2013'><tempMax>-2</tempMax><tempMin>-12</tempMin><symbol><icon>03</icon><description>Nuboso: entre 4/8 y 5/8 de cielo cubierto</description></symbol></forecast><forecast period='next' date='21/01/2013'><tempMax>-3</tempMax><tempMin>-7</tempMin><symbol><icon>03</icon><description>Nuboso: entre 4/8 y 5/8 de cielo cubierto</description></symbol></forecast></forecasts></day>
<day month='1' day='19' done='19/01/2013 [12:20:05]'><forecasts><forecast period='today' date='19/01/2013'><tempMax>-9</tempMax><tempMin>-14</tempMin><symbol><icon>03</icon><description>Nuboso: entre 4/8 y 5/8 de cielo cubierto</description></symbol></forecast><forecast period='tomorrow' date='20/01/2013'><tempMax>-2</tempMax><tempMin>-12</tempMin><symbol><icon>03</icon><description>Nuboso: entre 4/8 y 5/8 de cielo cubierto</description></symbol></forecast><forecast period='next' date='21/01/2013'><tempMax>-3</tempMax><tempMin>-7</tempMin><symbol><icon>03</icon><description>Nuboso: entre 4/8 y 5/8 de cielo cubierto</description></symbol></forecast></forecasts></day>
<day month='1' day='19' done='19/01/2013 [18:49:13]'><forecasts><forecast period='today' date='19/01/2013'><tempMax>-9</tempMax><tempMin>-14</tempMin><symbol><icon>03</icon><description>Nuboso: entre 4/8 y 5/8 de cielo cubierto</description></symbol></forecast><forecast period='tomorrow' date='20/01/2013'><tempMax>-2</tempMax><tempMin>-12</tempMin><symbol><icon>03</icon><description>Nuboso: entre 4/8 y 5/8 de cielo cubierto</description></symbol></forecast><forecast period='next' date='21/01/2013'><tempMax>-3</tempMax><tempMin>-7</tempMin><symbol><icon>03</icon><description>Nuboso: entre 4/8 y 5/8 de cielo cubierto</description></symbol></forecast></forecasts></day>
<day month='1' day='20' done='20/01/2013 [08:05:51]'><forecasts><forecast period='today' date='20/01/2013'><tempMax>-2</tempMax><tempMin>-15</tempMin><symbol><icon>03</icon><description>Nuboso: entre 4/8 y 5/8 de cielo cubierto</description></symbol></forecast><forecast period='tomorrow' date='21/01/2013'><tempMax>-4</tempMax><tempMin>-7</tempMin><symbol><icon>04</icon><description>Muy nuboso: entre 5/8 y 7/8 de cielo cubierto</description></symbol></forecast><forecast period='next' date='22/01/2013'><tempMax>-8</tempMax><tempMin>-13</tempMin><symbol><icon>02</icon><description>Parcialmente nuboso: entre 2/8 y 4/8 de cielo cubierto</description></symbol></forecast></forecasts></day>
<day month='1' day='20' done='20/01/2013 [12:27:23]'><forecasts><forecast period='today' date='20/01/2013'><tempMax>-2</tempMax><tempMin>-15</tempMin><symbol><icon>03</icon><description>Nuboso: entre 4/8 y 5/8 de cielo cubierto</description></symbol></forecast><forecast period='tomorrow' date='21/01/2013'><tempMax>-4</tempMax><tempMin>-7</tempMin><symbol><icon>04</icon><description>Muy nuboso: entre 5/8 y 7/8 de cielo cubierto</description></symbol></forecast><forecast period='next' date='22/01/2013'><tempMax>-8</tempMax><tempMin>-13</tempMin><symbol><icon>02</icon><description>Parcialmente nuboso: entre 2/8 y 4/8 de cielo cubierto</description></symbol></forecast></forecasts></day>
<day month='1' day='20' done='20/01/2013 [19:10:34]'><forecasts><forecast period='today' date='20/01/2013'><tempMax>-2</tempMax><tempMin>-15</tempMin><symbol><icon>03</icon><description>Nuboso: entre 4/8 y 5/8 de cielo cubierto</description></symbol></forecast><forecast period='tomorrow' date='21/01/2013'><tempMax>-4</tempMax><tempMin>-7</tempMin><symbol><icon>04</icon><description>Muy nuboso: entre 5/8 y 7/8 de cielo cubierto</description></symbol></forecast><forecast period='next' date='22/01/2013'><tempMax>-8</tempMax><tempMin>-13</tempMin><symbol><icon>02</icon><description>Parcialmente nuboso: entre 2/8 y 4/8 de cielo cubierto</description></symbol></forecast></forecasts></day>
<day month='1' day='21' done='21/01/2013 [07:28:24]'><forecasts><forecast period='today' date='21/01/2013'><tempMax>-3</tempMax><tempMin>-7</tempMin><symbol><icon>03</icon><description>Nuboso: entre 4/8 y 5/8 de cielo cubierto</description></symbol></forecast><forecast period='tomorrow' date='22/01/2013'><tempMax>-8</tempMax><tempMin>-11</tempMin><symbol><icon>03</icon><description>Nuboso: entre 4/8 y 5/8 de cielo cubierto</description></symbol></forecast><forecast period='next' date='23/01/2013'><tempMax>-4</tempMax><tempMin>-13</tempMin><symbol><icon>03</icon><description>Nuboso: entre 4/8 y 5/8 de cielo cubierto</description></symbol></forecast></forecasts></day>
<day month='1' day='21' done='21/01/2013 [18:33:11]'><forecasts><forecast period='today' date='21/01/2013'><tempMax>-3</tempMax><tempMin>-7</tempMin><symbol><icon>03</icon><description>Nuboso: entre 4/8 y 5/8 de cielo cubierto</description></symbol></forecast><forecast period='tomorrow' date='22/01/2013'><tempMax>-8</tempMax><tempMin>-11</tempMin><symbol><icon>03</icon><description>Nuboso: entre 4/8 y 5/8 de cielo cubierto</description></symbol></forecast><forecast period='next' date='23/01/2013'><tempMax>-4</tempMax><tempMin>-13</tempMin><symbol><icon>03</icon><description>Nuboso: entre 4/8 y 5/8 de cielo cubierto</description></symbol></forecast></forecasts></day>
<day month='1' day='21' done='21/01/2013 [11:21:21]'><forecasts><forecast period='today' date='21/01/2013'><tempMax>-3</tempMax><tempMin>-7</tempMin><symbol><icon>03</icon><description>Nuboso: entre 4/8 y 5/8 de cielo cubierto</description></symbol></forecast><forecast period='tomorrow' date='22/01/2013'><tempMax>-8</tempMax><tempMin>-11</tempMin><symbol><icon>03</icon><description>Nuboso: entre 4/8 y 5/8 de cielo cubierto</description></symbol></forecast><forecast period='next' date='23/01/2013'><tempMax>-4</tempMax><tempMin>-13</tempMin><symbol><icon>03</icon><description>Nuboso: entre 4/8 y 5/8 de cielo cubierto</description></symbol></forecast></forecasts></day>
<day month='1' day='21' done='21/01/2013 [09:50:12]'><forecasts><forecast period='today' date='21/01/2013'><tempMax>-3</tempMax><tempMin>-7</tempMin><symbol><icon>03</icon><description>Nuboso: entre 4/8 y 5/8 de cielo cubierto</description></symbol></forecast><forecast period='tomorrow' date='22/01/2013'><tempMax>-8</tempMax><tempMin>-11</tempMin><symbol><icon>03</icon><description>Nuboso: entre 4/8 y 5/8 de cielo cubierto</description></symbol></forecast><forecast period='next' date='23/01/2013'><tempMax>-4</tempMax><tempMin>-13</tempMin><symbol><icon>03</icon><description>Nuboso: entre 4/8 y 5/8 de cielo cubierto</description></symbol></forecast></forecasts></day>
<day month='1' day='21' done='21/01/2013 [09:58:32]'><forecasts><forecast period='today' date='21/01/2013'><tempMax>-3</tempMax><tempMin>-7</tempMin><symbol><icon>03</icon><description>Nuboso: entre 4/8 y 5/8 de cielo cubierto</description></symbol></forecast><forecast period='tomorrow' date='22/01/2013'><tempMax>-8</tempMax><tempMin>-11</tempMin><symbol><icon>03</icon><description>Nuboso: entre 4/8 y 5/8 de cielo cubierto</description></symbol></forecast><forecast period='next' date='23/01/2013'><tempMax>-4</tempMax><tempMin>-13</tempMin><symbol><icon>03</icon><description>Nuboso: entre 4/8 y 5/8 de cielo cubierto</description></symbol></forecast></forecasts></day>
<day month='1' day='22' done='22/01/2013 [09:30:35]'><forecasts><forecast period='today' date='22/01/2013'><tempMax>-7</tempMax><tempMin>-11</tempMin><symbol><icon>03</icon><description>Nuboso: entre 4/8 y 5/8 de cielo cubierto</description></symbol></forecast><forecast period='tomorrow' date='23/01/2013'><tempMax>-6</tempMax><tempMin>-14</tempMin><symbol><icon>03</icon><description>Nuboso: entre 4/8 y 5/8 de cielo cubierto</description></symbol></forecast><forecast period='next' date='24/01/2013'><tempMax>-7</tempMax><tempMin>-13</tempMin><symbol><icon>01</icon><description>Poco nuboso: entre 1/8 y 2/8 de cielo cubierto</description></symbol></forecast></forecasts></day>
<day month='1' day='22' done='22/01/2013 [07:30:13]'><forecasts><forecast period='today' date='22/01/2013'><tempMax>-7</tempMax><tempMin>-11</tempMin><symbol><icon>03</icon><description>Nuboso: entre 4/8 y 5/8 de cielo cubierto</description></symbol></forecast><forecast period='tomorrow' date='23/01/2013'><tempMax>-6</tempMax><tempMin>-14</tempMin><symbol><icon>03</icon><description>Nuboso: entre 4/8 y 5/8 de cielo cubierto</description></symbol></forecast><forecast period='next' date='24/01/2013'><tempMax>-7</tempMax><tempMin>-13</tempMin><symbol><icon>01</icon><description>Poco nuboso: entre 1/8 y 2/8 de cielo cubierto</description></symbol></forecast></forecasts></day>
<day month='1' day='22' done='22/01/2013 [08:32:42]'><forecasts><forecast period='today' date='22/01/2013'><tempMax>-7</tempMax><tempMin>-11</tempMin><symbol><icon>03</icon><description>Nuboso: entre 4/8 y 5/8 de cielo cubierto</description></symbol></forecast><forecast period='tomorrow' date='23/01/2013'><tempMax>-6</tempMax><tempMin>-14</tempMin><symbol><icon>03</icon><description>Nuboso: entre 4/8 y 5/8 de cielo cubierto</description></symbol></forecast><forecast period='next' date='24/01/2013'><tempMax>-7</tempMax><tempMin>-13</tempMin><symbol><icon>01</icon><description>Poco nuboso: entre 1/8 y 2/8 de cielo cubierto</description></symbol></forecast></forecasts></day>
<day month='1' day='22' done='22/01/2013 [11:29:27]'><forecasts><forecast period='today' date='22/01/2013'><tempMax>-7</tempMax><tempMin>-11</tempMin><symbol><icon>03</icon><description>Nuboso: entre 4/8 y 5/8 de cielo cubierto</description></symbol></forecast><forecast period='tomorrow' date='23/01/2013'><tempMax>-6</tempMax><tempMin>-14</tempMin><symbol><icon>03</icon><description>Nuboso: entre 4/8 y 5/8 de cielo cubierto</description></symbol></forecast><forecast period='next' date='24/01/2013'><tempMax>-7</tempMax><tempMin>-13</tempMin><symbol><icon>01</icon><description>Poco nuboso: entre 1/8 y 2/8 de cielo cubierto</description></symbol></forecast></forecasts></day>
<day month='1' day='22' done='22/01/2013 [21:02:39]'><forecasts><forecast period='today' date='22/01/2013'><tempMax>-7</tempMax><tempMin>-11</tempMin><symbol><icon>03</icon><description>Nuboso: entre 4/8 y 5/8 de cielo cubierto</description></symbol></forecast><forecast period='tomorrow' date='23/01/2013'><tempMax>-6</tempMax><tempMin>-14</tempMin><symbol><icon>03</icon><description>Nuboso: entre 4/8 y 5/8 de cielo cubierto</description></symbol></forecast><forecast period='next' date='24/01/2013'><tempMax>-7</tempMax><tempMin>-13</tempMin><symbol><icon>01</icon><description>Poco nuboso: entre 1/8 y 2/8 de cielo cubierto</description></symbol></forecast></forecasts></day>
<day month='1' day='23' done='23/01/2013 [07:34:11]'><forecasts><forecast period='today' date='23/01/2013'><tempMax>-8</tempMax><tempMin>-16</tempMin><symbol><icon>03</icon><description>Nuboso: entre 4/8 y 5/8 de cielo cubierto</description></symbol></forecast><forecast period='tomorrow' date='24/01/2013'><tempMax>-7</tempMax><tempMin>-14</tempMin><symbol><icon>01</icon><description>Poco nuboso: entre 1/8 y 2/8 de cielo cubierto</description></symbol></forecast><forecast period='next' date='25/01/2013'><tempMax>-8</tempMax><tempMin>-15</tempMin><symbol><icon>02</icon><description>Parcialmente nuboso: entre 2/8 y 4/8 de cielo cubierto</description></symbol></forecast></forecasts></day>
<day month='1' day='23' done='23/01/2013 [09:26:00]'><forecasts><forecast period='today' date='23/01/2013'><tempMax>-8</tempMax><tempMin>-16</tempMin><symbol><icon>03</icon><description>Nuboso: entre 4/8 y 5/8 de cielo cubierto</description></symbol></forecast><forecast period='tomorrow' date='24/01/2013'><tempMax>-7</tempMax><tempMin>-14</tempMin><symbol><icon>01</icon><description>Poco nuboso: entre 1/8 y 2/8 de cielo cubierto</description></symbol></forecast><forecast period='next' date='25/01/2013'><tempMax>-8</tempMax><tempMin>-15</tempMin><symbol><icon>02</icon><description>Parcialmente nuboso: entre 2/8 y 4/8 de cielo cubierto</description></symbol></forecast></forecasts></day>
<day month='1' day='23' done='23/01/2013 [10:11:15]'><forecasts><forecast period='today' date='23/01/2013'><tempMax>-8</tempMax><tempMin>-16</tempMin><symbol><icon>03</icon><description>Nuboso: entre 4/8 y 5/8 de cielo cubierto</description></symbol></forecast><forecast period='tomorrow' date='24/01/2013'><tempMax>-7</tempMax><tempMin>-14</tempMin><symbol><icon>01</icon><description>Poco nuboso: entre 1/8 y 2/8 de cielo cubierto</description></symbol></forecast><forecast period='next' date='25/01/2013'><tempMax>-8</tempMax><tempMin>-15</tempMin><symbol><icon>02</icon><description>Parcialmente nuboso: entre 2/8 y 4/8 de cielo cubierto</description></symbol></forecast></forecasts></day>
<day month='1' day='23' done='23/01/2013 [18:39:30]'><forecasts><forecast period='today' date='23/01/2013'><tempMax>-8</tempMax><tempMin>-16</tempMin><symbol><icon>03</icon><description>Nuboso: entre 4/8 y 5/8 de cielo cubierto</description></symbol></forecast><forecast period='tomorrow' date='24/01/2013'><tempMax>-7</tempMax><tempMin>-14</tempMin><symbol><icon>01</icon><description>Poco nuboso: entre 1/8 y 2/8 de cielo cubierto</description></symbol></forecast><forecast period='next' date='25/01/2013'><tempMax>-8</tempMax><tempMin>-15</tempMin><symbol><icon>02</icon><description>Parcialmente nuboso: entre 2/8 y 4/8 de cielo cubierto</description></symbol></forecast></forecasts></day>
<day month='1' day='24' done='24/01/2013 [08:54:30]'><forecasts><forecast period='today' date='24/01/2013'><tempMax>-10</tempMax><tempMin>-17</tempMin><symbol><icon>01</icon><description>Poco nuboso: entre 1/8 y 2/8 de cielo cubierto</description></symbol></forecast><forecast period='tomorrow' date='25/01/2013'><tempMax>-10</tempMax><tempMin>-15</tempMin><symbol><icon>03</icon><description>Nuboso: entre 4/8 y 5/8 de cielo cubierto</description></symbol></forecast><forecast period='next' date='26/01/2013'><tempMax>-7</tempMax><tempMin>-13</tempMin><symbol><icon>03</icon><description>Nuboso: entre 4/8 y 5/8 de cielo cubierto</description></symbol></forecast></forecasts></day>
<day month='1' day='24' done='24/01/2013 [10:04:54]'><forecasts><forecast period='today' date='24/01/2013'><tempMax>-10</tempMax><tempMin>-17</tempMin><symbol><icon>01</icon><description>Poco nuboso: entre 1/8 y 2/8 de cielo cubierto</description></symbol></forecast><forecast period='tomorrow' date='25/01/2013'><tempMax>-10</tempMax><tempMin>-15</tempMin><symbol><icon>03</icon><description>Nuboso: entre 4/8 y 5/8 de cielo cubierto</description></symbol></forecast><forecast period='next' date='26/01/2013'><tempMax>-7</tempMax><tempMin>-13</tempMin><symbol><icon>03</icon><description>Nuboso: entre 4/8 y 5/8 de cielo cubierto</description></symbol></forecast></forecasts></day>
<day month='1' day='24' done='24/01/2013 [20:28:06]'><forecasts><forecast period='today' date='24/01/2013'><tempMax>-10</tempMax><tempMin>-17</tempMin><symbol><icon>01</icon><description>Poco nuboso: entre 1/8 y 2/8 de cielo cubierto</description></symbol></forecast><forecast period='tomorrow' date='25/01/2013'><tempMax>-10</tempMax><tempMin>-15</tempMin><symbol><icon>03</icon><description>Nuboso: entre 4/8 y 5/8 de cielo cubierto</description></symbol></forecast><forecast period='next' date='26/01/2013'><tempMax>-7</tempMax><tempMin>-13</tempMin><symbol><icon>03</icon><description>Nuboso: entre 4/8 y 5/8 de cielo cubierto</description></symbol></forecast></forecasts></day>
<day month='1' day='25' done='25/01/2013 [07:38:52]'><forecasts><forecast period='today' date='25/01/2013'><tempMax>-10</tempMax><tempMin>-20</tempMin><symbol><icon>03</icon><description>Nuboso: entre 4/8 y 5/8 de cielo cubierto</description></symbol></forecast><forecast period='tomorrow' date='26/01/2013'><tempMax>-3</tempMax><tempMin>-12</tempMin><symbol><icon>04</icon><description>Muy nuboso: entre 5/8 y 7/8 de cielo cubierto</description></symbol></forecast><forecast period='next' date='27/01/2013'><tempMax>-2</tempMax><tempMin>-5</tempMin><symbol><icon>04</icon><description>Muy nuboso: entre 5/8 y 7/8 de cielo cubierto</description></symbol></forecast></forecasts></day>
<day month='1' day='25' done='25/01/2013 [13:45:59]'><forecasts><forecast period='today' date='25/01/2013'><tempMax>-10</tempMax><tempMin>-20</tempMin><symbol><icon>03</icon><description>Nuboso: entre 4/8 y 5/8 de cielo cubierto</description></symbol></forecast><forecast period='tomorrow' date='26/01/2013'><tempMax>-3</tempMax><tempMin>-12</tempMin><symbol><icon>04</icon><description>Muy nuboso: entre 5/8 y 7/8 de cielo cubierto</description></symbol></forecast><forecast period='next' date='27/01/2013'><tempMax>-2</tempMax><tempMin>-5</tempMin><symbol><icon>04</icon><description>Muy nuboso: entre 5/8 y 7/8 de cielo cubierto</description></symbol></forecast></forecasts></day>
<day month='1' day='25' done='25/01/2013 [18:24:09]'><forecasts><forecast period='today' date='25/01/2013'><tempMax>-10</tempMax><tempMin>-20</tempMin><symbol><icon>03</icon><description>Nuboso: entre 4/8 y 5/8 de cielo cubierto</description></symbol></forecast><forecast period='tomorrow' date='26/01/2013'><tempMax>-3</tempMax><tempMin>-12</tempMin><symbol><icon>04</icon><description>Muy nuboso: entre 5/8 y 7/8 de cielo cubierto</description></symbol></forecast><forecast period='next' date='27/01/2013'><tempMax>-2</tempMax><tempMin>-5</tempMin><symbol><icon>04</icon><description>Muy nuboso: entre 5/8 y 7/8 de cielo cubierto</description></symbol></forecast></forecasts></day>
<day month='1' day='25' done='25/01/2013 [10:09:01]'><forecasts><forecast period='today' date='25/01/2013'><tempMax>-10</tempMax><tempMin>-20</tempMin><symbol><icon>03</icon><description>Nuboso: entre 4/8 y 5/8 de cielo cubierto</description></symbol></forecast><forecast period='tomorrow' date='26/01/2013'><tempMax>-3</tempMax><tempMin>-12</tempMin><symbol><icon>04</icon><description>Muy nuboso: entre 5/8 y 7/8 de cielo cubierto</description></symbol></forecast><forecast period='next' date='27/01/2013'><tempMax>-2</tempMax><tempMin>-5</tempMin><symbol><icon>04</icon><description>Muy nuboso: entre 5/8 y 7/8 de cielo cubierto</description></symbol></forecast></forecasts></day>
<day month='1' day='26' done='26/01/2013 [13:22:55]'><forecasts><forecast period='today' date='26/01/2013'><tempMax>-5</tempMax><tempMin>-14</tempMin><symbol><icon>04</icon><description>Muy nuboso: entre 5/8 y 7/8 de cielo cubierto</description></symbol></forecast><forecast period='tomorrow' date='27/01/2013'><tempMax>1</tempMax><tempMin>-5</tempMin><symbol><icon>04</icon><description>Muy nuboso: entre 5/8 y 7/8 de cielo cubierto</description></symbol></forecast><forecast period='next' date='28/01/2013'><tempMax>2</tempMax><tempMin>0</tempMin><symbol><icon>12</icon><description>Lluvia débil: precipitación de agua líquida, con cantidades inferiores a 15 mm/h</description></symbol></forecast></forecasts></day>
<day month='1' day='26' done='26/01/2013 [10:16:19]'><forecasts><forecast period='today' date='26/01/2013'><tempMax>-5</tempMax><tempMin>-14</tempMin><symbol><icon>04</icon><description>Muy nuboso: entre 5/8 y 7/8 de cielo cubierto</description></symbol></forecast><forecast period='tomorrow' date='27/01/2013'><tempMax>1</tempMax><tempMin>-5</tempMin><symbol><icon>04</icon><description>Muy nuboso: entre 5/8 y 7/8 de cielo cubierto</description></symbol></forecast><forecast period='next' date='28/01/2013'><tempMax>2</tempMax><tempMin>0</tempMin><symbol><icon>12</icon><description>Lluvia débil: precipitación de agua líquida, con cantidades inferiores a 15 mm/h</description></symbol></forecast></forecasts></day>
<day month='1' day='26' done='26/01/2013 [08:10:47]'><forecasts><forecast period='today' date='26/01/2013'><tempMax>-5</tempMax><tempMin>-14</tempMin><symbol><icon>04</icon><description>Muy nuboso: entre 5/8 y 7/8 de cielo cubierto</description></symbol></forecast><forecast period='tomorrow' date='27/01/2013'><tempMax>1</tempMax><tempMin>-5</tempMin><symbol><icon>04</icon><description>Muy nuboso: entre 5/8 y 7/8 de cielo cubierto</description></symbol></forecast><forecast period='next' date='28/01/2013'><tempMax>2</tempMax><tempMin>0</tempMin><symbol><icon>12</icon><description>Lluvia débil: precipitación de agua líquida, con cantidades inferiores a 15 mm/h</description></symbol></forecast></forecasts></day>
<day month='1' day='26' done='26/01/2013 [18:31:14]'><forecasts><forecast period='today' date='26/01/2013'><tempMax>-5</tempMax><tempMin>-14</tempMin><symbol><icon>04</icon><description>Muy nuboso: entre 5/8 y 7/8 de cielo cubierto</description></symbol></forecast><forecast period='tomorrow' date='27/01/2013'><tempMax>1</tempMax><tempMin>-5</tempMin><symbol><icon>04</icon><description>Muy nuboso: entre 5/8 y 7/8 de cielo cubierto</description></symbol></forecast><forecast period='next' date='28/01/2013'><tempMax>2</tempMax><tempMin>0</tempMin><symbol><icon>12</icon><description>Lluvia débil: precipitación de agua líquida, con cantidades inferiores a 15 mm/h</description></symbol></forecast></forecasts></day>
<day month='1' day='27' done='27/01/2013 [06:50:26]'><forecasts><forecast period='today' date='27/01/2013'><tempMax>-1</tempMax><tempMin>-6</tempMin><symbol><icon>03</icon><description>Nuboso: entre 4/8 y 5/8 de cielo cubierto</description></symbol></forecast><forecast period='tomorrow' date='28/01/2013'><tempMax>1</tempMax><tempMin>-2</tempMin><symbol><icon>03</icon><description>Nuboso: entre 4/8 y 5/8 de cielo cubierto</description></symbol></forecast><forecast period='next' date='29/01/2013'><tempMax>1</tempMax><tempMin>-2</tempMin><symbol><icon>12</icon><description>Lluvia débil: precipitación de agua líquida, con cantidades inferiores a 15 mm/h</description></symbol></forecast></forecasts></day>
<day month='1' day='27' done='27/01/2013 [18:26:00]'><forecasts><forecast period='today' date='27/01/2013'><tempMax>-1</tempMax><tempMin>-6</tempMin><symbol><icon>03</icon><description>Nuboso: entre 4/8 y 5/8 de cielo cubierto</description></symbol></forecast><forecast period='tomorrow' date='28/01/2013'><tempMax>1</tempMax><tempMin>-2</tempMin><symbol><icon>03</icon><description>Nuboso: entre 4/8 y 5/8 de cielo cubierto</description></symbol></forecast><forecast period='next' date='29/01/2013'><tempMax>1</tempMax><tempMin>-2</tempMin><symbol><icon>12</icon><description>Lluvia débil: precipitación de agua líquida, con cantidades inferiores a 15 mm/h</description></symbol></forecast></forecasts></day>
<day month='1' day='27' done='27/01/2013 [09:40:53]'><forecasts><forecast period='today' date='27/01/2013'><tempMax>-1</tempMax><tempMin>-6</tempMin><symbol><icon>03</icon><description>Nuboso: entre 4/8 y 5/8 de cielo cubierto</description></symbol></forecast><forecast period='tomorrow' date='28/01/2013'><tempMax>1</tempMax><tempMin>-2</tempMin><symbol><icon>03</icon><description>Nuboso: entre 4/8 y 5/8 de cielo cubierto</description></symbol></forecast><forecast period='next' date='29/01/2013'><tempMax>1</tempMax><tempMin>-2</tempMin><symbol><icon>12</icon><description>Lluvia débil: precipitación de agua líquida, con cantidades inferiores a 15 mm/h</description></symbol></forecast></forecasts></day>
<day month='1' day='28' done='28/01/2013 [09:32:39]'><forecasts><forecast period='today' date='28/01/2013'><tempMax>2</tempMax><tempMin>-2</tempMin><symbol><icon>03</icon><description>Nuboso: entre 4/8 y 5/8 de cielo cubierto</description></symbol></forecast><forecast period='tomorrow' date='29/01/2013'><tempMax>1</tempMax><tempMin>-2</tempMin><symbol><icon>04</icon><description>Muy nuboso: entre 5/8 y 7/8 de cielo cubierto</description></symbol></forecast><forecast period='next' date='30/01/2013'><tempMax>1</tempMax><tempMin>-1</tempMin><symbol><icon>04</icon><description>Muy nuboso: entre 5/8 y 7/8 de cielo cubierto</description></symbol></forecast></forecasts></day>
<day month='1' day='28' done='28/01/2013 [18:57:44]'><forecasts><forecast period='today' date='28/01/2013'><tempMax>2</tempMax><tempMin>-2</tempMin><symbol><icon>03</icon><description>Nuboso: entre 4/8 y 5/8 de cielo cubierto</description></symbol></forecast><forecast period='tomorrow' date='29/01/2013'><tempMax>1</tempMax><tempMin>-2</tempMin><symbol><icon>04</icon><description>Muy nuboso: entre 5/8 y 7/8 de cielo cubierto</description></symbol></forecast><forecast period='next' date='30/01/2013'><tempMax>1</tempMax><tempMin>-1</tempMin><symbol><icon>04</icon><description>Muy nuboso: entre 5/8 y 7/8 de cielo cubierto</description></symbol></forecast></forecasts></day>
<day month='1' day='28' done='28/01/2013 [07:37:24]'><forecasts><forecast period='today' date='28/01/2013'><tempMax>2</tempMax><tempMin>-2</tempMin><symbol><icon>03</icon><description>Nuboso: entre 4/8 y 5/8 de cielo cubierto</description></symbol></forecast><forecast period='tomorrow' date='29/01/2013'><tempMax>1</tempMax><tempMin>-2</tempMin><symbol><icon>04</icon><description>Muy nuboso: entre 5/8 y 7/8 de cielo cubierto</description></symbol></forecast><forecast period='next' date='30/01/2013'><tempMax>1</tempMax><tempMin>-1</tempMin><symbol><icon>04</icon><description>Muy nuboso: entre 5/8 y 7/8 de cielo cubierto</description></symbol></forecast></forecasts></day>
<day month='1' day='28' done='28/01/2013 [11:03:31]'><forecasts><forecast period='today' date='28/01/2013'><tempMax>2</tempMax><tempMin>-2</tempMin><symbol><icon>03</icon><description>Nuboso: entre 4/8 y 5/8 de cielo cubierto</description></symbol></forecast><forecast period='tomorrow' date='29/01/2013'><tempMax>1</tempMax><tempMin>-2</tempMin><symbol><icon>04</icon><description>Muy nuboso: entre 5/8 y 7/8 de cielo cubierto</description></symbol></forecast><forecast period='next' date='30/01/2013'><tempMax>1</tempMax><tempMin>-1</tempMin><symbol><icon>04</icon><description>Muy nuboso: entre 5/8 y 7/8 de cielo cubierto</description></symbol></forecast></forecasts></day>
<day month='1' day='29' done='29/01/2013 [10:10:30]'><forecasts><forecast period='today' date='29/01/2013'><tempMax>0</tempMax><tempMin>-3</tempMin><symbol><icon>10</icon><description>Chubascos débiles: precipitación intensa y de corta duración, con cantidades inferiores a 15 mm/h</description></symbol></forecast><forecast period='tomorrow' date='30/01/2013'><tempMax>1</tempMax><tempMin>-1</tempMin><symbol><icon>12</icon><description>Lluvia débil: precipitación de agua líquida, con cantidades inferiores a 15 mm/h</description></symbol></forecast><forecast period='next' date='31/01/2013'><tempMax>1</tempMax><tempMin>-1</tempMin><symbol><icon>03</icon><description>Nuboso: entre 4/8 y 5/8 de cielo cubierto</description></symbol></forecast></forecasts></day>
<day month='1' day='29' done='29/01/2013 [07:50:27]'><forecasts><forecast period='today' date='29/01/2013'><tempMax>0</tempMax><tempMin>-3</tempMin><symbol><icon>10</icon><description>Chubascos débiles: precipitación intensa y de corta duración, con cantidades inferiores a 15 mm/h</description></symbol></forecast><forecast period='tomorrow' date='30/01/2013'><tempMax>1</tempMax><tempMin>-1</tempMin><symbol><icon>12</icon><description>Lluvia débil: precipitación de agua líquida, con cantidades inferiores a 15 mm/h</description></symbol></forecast><forecast period='next' date='31/01/2013'><tempMax>1</tempMax><tempMin>-1</tempMin><symbol><icon>03</icon><description>Nuboso: entre 4/8 y 5/8 de cielo cubierto</description></symbol></forecast></forecasts></day>
<day month='1' day='29' done='29/01/2013 [19:05:31]'><forecasts><forecast period='today' date='29/01/2013'><tempMax>0</tempMax><tempMin>-3</tempMin><symbol><icon>10</icon><description>Chubascos débiles: precipitación intensa y de corta duración, con cantidades inferiores a 15 mm/h</description></symbol></forecast><forecast period='tomorrow' date='30/01/2013'><tempMax>1</tempMax><tempMin>-1</tempMin><symbol><icon>12</icon><description>Lluvia débil: precipitación de agua líquida, con cantidades inferiores a 15 mm/h</description></symbol></forecast><forecast period='next' date='31/01/2013'><tempMax>1</tempMax><tempMin>-1</tempMin><symbol><icon>03</icon><description>Nuboso: entre 4/8 y 5/8 de cielo cubierto</description></symbol></forecast></forecasts></day>
<day month='1' day='30' done='30/01/2013 [08:28:54]'><forecasts><forecast period='today' date='30/01/2013'><tempMax>1</tempMax><tempMin>-1</tempMin><symbol><icon>12</icon><description>Lluvia débil: precipitación de agua líquida, con cantidades inferiores a 15 mm/h</description></symbol></forecast><forecast period='tomorrow' date='31/01/2013'><tempMax>2</tempMax><tempMin>-1</tempMin><symbol><icon>03</icon><description>Nuboso: entre 4/8 y 5/8 de cielo cubierto</description></symbol></forecast><forecast period='next' date='01/02/2013'><tempMax>-1</tempMax><tempMin>-5</tempMin><symbol><icon>01</icon><description>Poco nuboso: entre 1/8 y 2/8 de cielo cubierto</description></symbol></forecast></forecasts></day>
<day month='1' day='30' done='30/01/2013 [19:03:37]'><forecasts><forecast period='today' date='30/01/2013'><tempMax>1</tempMax><tempMin>-1</tempMin><symbol><icon>12</icon><description>Lluvia débil: precipitación de agua líquida, con cantidades inferiores a 15 mm/h</description></symbol></forecast><forecast period='tomorrow' date='31/01/2013'><tempMax>2</tempMax><tempMin>-1</tempMin><symbol><icon>03</icon><description>Nuboso: entre 4/8 y 5/8 de cielo cubierto</description></symbol></forecast><forecast period='next' date='01/02/2013'><tempMax>-1</tempMax><tempMin>-5</tempMin><symbol><icon>01</icon><description>Poco nuboso: entre 1/8 y 2/8 de cielo cubierto</description></symbol></forecast></forecasts></day>
<day month='1' day='30' done='30/01/2013 [10:18:41]'><forecasts><forecast period='today' date='30/01/2013'><tempMax>1</tempMax><tempMin>-1</tempMin><symbol><icon>12</icon><description>Lluvia débil: precipitación de agua líquida, con cantidades inferiores a 15 mm/h</description></symbol></forecast><forecast period='tomorrow' date='31/01/2013'><tempMax>2</tempMax><tempMin>-1</tempMin><symbol><icon>03</icon><description>Nuboso: entre 4/8 y 5/8 de cielo cubierto</description></symbol></forecast><forecast period='next' date='01/02/2013'><tempMax>-1</tempMax><tempMin>-5</tempMin><symbol><icon>01</icon><description>Poco nuboso: entre 1/8 y 2/8 de cielo cubierto</description></symbol></forecast></forecasts></day>
<day month='1' day='31' done='31/01/2013 [07:43:22]'><forecasts><forecast period='today' date='31/01/2013'><tempMax>1</tempMax><tempMin>-1</tempMin><symbol><icon>10</icon><description>Chubascos débiles: precipitación intensa y de corta duración, con cantidades inferiores a 15 mm/h</description></symbol></forecast><forecast period='tomorrow' date='01/02/2013'><tempMax>-2</tempMax><tempMin>-5</tempMin><symbol><icon>02</icon><description>Parcialmente nuboso: entre 2/8 y 4/8 de cielo cubierto</description></symbol></forecast><forecast period='next' date='02/02/2013'><tempMax>-2</tempMax><tempMin>-7</tempMin><symbol><icon>02</icon><description>Parcialmente nuboso: entre 2/8 y 4/8 de cielo cubierto</description></symbol></forecast></forecasts></day>
<day month='1' day='31' done='31/01/2013 [18:55:12]'><forecasts><forecast period='today' date='31/01/2013'><tempMax>1</tempMax><tempMin>-1</tempMin><symbol><icon>10</icon><description>Chubascos débiles: precipitación intensa y de corta duración, con cantidades inferiores a 15 mm/h</description></symbol></forecast><forecast period='tomorrow' date='01/02/2013'><tempMax>-2</tempMax><tempMin>-5</tempMin><symbol><icon>02</icon><description>Parcialmente nuboso: entre 2/8 y 4/8 de cielo cubierto</description></symbol></forecast><forecast period='next' date='02/02/2013'><tempMax>-2</tempMax><tempMin>-7</tempMin><symbol><icon>02</icon><description>Parcialmente nuboso: entre 2/8 y 4/8 de cielo cubierto</description></symbol></forecast></forecasts></day>
<day month='1' day='31' done='31/01/2013 [18:59:41]'><forecasts><forecast period='today' date='31/01/2013'><tempMax>1</tempMax><tempMin>-1</tempMin><symbol><icon>10</icon><description>Chubascos débiles: precipitación intensa y de corta duración, con cantidades inferiores a 15 mm/h</description></symbol></forecast><forecast period='tomorrow' date='01/02/2013'><tempMax>-2</tempMax><tempMin>-5</tempMin><symbol><icon>02</icon><description>Parcialmente nuboso: entre 2/8 y 4/8 de cielo cubierto</description></symbol></forecast><forecast period='next' date='02/02/2013'><tempMax>-2</tempMax><tempMin>-7</tempMin><symbol><icon>02</icon><description>Parcialmente nuboso: entre 2/8 y 4/8 de cielo cubierto</description></symbol></forecast></forecasts></day>
<day month='1' day='31' done='31/01/2013 [10:15:21]'><forecasts><forecast period='today' date='31/01/2013'><tempMax>1</tempMax><tempMin>-1</tempMin><symbol><icon>10</icon><description>Chubascos débiles: precipitación intensa y de corta duración, con cantidades inferiores a 15 mm/h</description></symbol></forecast><forecast period='tomorrow' date='01/02/2013'><tempMax>-2</tempMax><tempMin>-5</tempMin><symbol><icon>02</icon><description>Parcialmente nuboso: entre 2/8 y 4/8 de cielo cubierto</description></symbol></forecast><forecast period='next' date='02/02/2013'><tempMax>-2</tempMax><tempMin>-7</tempMin><symbol><icon>02</icon><description>Parcialmente nuboso: entre 2/8 y 4/8 de cielo cubierto</description></symbol></forecast></forecasts></day>
</cityForecast>