<?xml version="1.0" encoding="UTF-8"?><cityForecast cityCode="12" cityName="Estocolmo" month="3" year="2013" >
<day month='3' day='1' done='01/03/2013 [08:48:41]'><forecasts><forecast period='today' date='01/03/2013'><tempMax>3</tempMax><tempMin>-1</tempMin><symbol><icon>03</icon><description>Nuboso: entre 4/8 y 5/8 de cielo cubierto</description></symbol></forecast><forecast period='tomorrow' date='02/03/2013'><tempMax>4</tempMax><tempMin>-5</tempMin><symbol><icon>17</icon><description>Nieve débil: precipitación en forma de nieve, con espesores acumulados inferiores a 10 cm/h</description></symbol></forecast><forecast period='next' date='03/03/2013'><tempMax>-2</tempMax><tempMin>-6</tempMin><symbol><icon>03</icon><description>Nuboso: entre 4/8 y 5/8 de cielo cubierto</description></symbol></forecast></forecasts></day>
<day month='3' day='1' done='01/03/2013 [08:54:59]'><forecasts><forecast period='today' date='01/03/2013'><tempMax>3</tempMax><tempMin>-1</tempMin><symbol><icon>03</icon><description>Nuboso: entre 4/8 y 5/8 de cielo cubierto</description></symbol></forecast><forecast period='tomorrow' date='02/03/2013'><tempMax>4</tempMax><tempMin>-5</tempMin><symbol><icon>17</icon><description>Nieve débil: precipitación en forma de nieve, con espesores acumulados inferiores a 10 cm/h</description></symbol></forecast><forecast period='next' date='03/03/2013'><tempMax>-2</tempMax><tempMin>-6</tempMin><symbol><icon>03</icon><description>Nuboso: entre 4/8 y 5/8 de cielo cubierto</description></symbol></forecast></forecasts></day>
<day month='3' day='1' done='01/03/2013 [10:28:06]'><forecasts><forecast period='today' date='01/03/2013'><tempMax>3</tempMax><tempMin>-1</tempMin><symbol><icon>03</icon><description>Nuboso: entre 4/8 y 5/8 de cielo cubierto</description></symbol></forecast><forecast period='tomorrow' date='02/03/2013'><tempMax>4</tempMax><tempMin>-5</tempMin><symbol><icon>17</icon><description>Nieve débil: precipitación en forma de nieve, con espesores acumulados inferiores a 10 cm/h</description></symbol></forecast><forecast period='next' date='03/03/2013'><tempMax>-2</tempMax><tempMin>-6</tempMin><symbol><icon>03</icon><description>Nuboso: entre 4/8 y 5/8 de cielo cubierto</description></symbol></forecast></forecasts></day>
<day month='3' day='1' done='01/03/2013 [18:51:16]'><forecasts><forecast period='today' date='01/03/2013'><tempMax>3</tempMax><tempMin>-1</tempMin><symbol><icon>03</icon><description>Nuboso: entre 4/8 y 5/8 de cielo cubierto</description></symbol></forecast><forecast period='tomorrow' date='02/03/2013'><tempMax>4</tempMax><tempMin>-5</tempMin><symbol><icon>17</icon><description>Nieve débil: precipitación en forma de nieve, con espesores acumulados inferiores a 10 cm/h</description></symbol></forecast><forecast period='next' date='03/03/2013'><tempMax>-2</tempMax><tempMin>-6</tempMin><symbol><icon>03</icon><description>Nuboso: entre 4/8 y 5/8 de cielo cubierto</description></symbol></forecast></forecasts></day>
<day month='3' day='2' done='02/03/2013 [06:56:35]'><forecasts><forecast period='today' date='02/03/2013'><tempMax>4</tempMax><tempMin>-6</tempMin><symbol><icon>03</icon><description>Nuboso: entre 4/8 y 5/8 de cielo cubierto</description></symbol></forecast><forecast period='tomorrow' date='03/03/2013'><tempMax>1</tempMax><tempMin>-4</tempMin><symbol><icon>03</icon><description>Nuboso: entre 4/8 y 5/8 de cielo cubierto</description></symbol></forecast><forecast period='next' date='04/03/2013'><tempMax>4</tempMax><tempMin>-3</tempMin><symbol><icon>04</icon><description>Muy nuboso: entre 5/8 y 7/8 de cielo cubierto</description></symbol></forecast></forecasts></day>
<day month='3' day='2' done='02/03/2013 [08:16:36]'><forecasts><forecast period='today' date='02/03/2013'><tempMax>4</tempMax><tempMin>-6</tempMin><symbol><icon>03</icon><description>Nuboso: entre 4/8 y 5/8 de cielo cubierto</description></symbol></forecast><forecast period='tomorrow' date='03/03/2013'><tempMax>1</tempMax><tempMin>-4</tempMin><symbol><icon>03</icon><description>Nuboso: entre 4/8 y 5/8 de cielo cubierto</description></symbol></forecast><forecast period='next' date='04/03/2013'><tempMax>4</tempMax><tempMin>-3</tempMin><symbol><icon>04</icon><description>Muy nuboso: entre 5/8 y 7/8 de cielo cubierto</description></symbol></forecast></forecasts></day>
<day month='3' day='2' done='02/03/2013 [18:57:40]'><forecasts><forecast period='today' date='02/03/2013'><tempMax>4</tempMax><tempMin>-6</tempMin><symbol><icon>03</icon><description>Nuboso: entre 4/8 y 5/8 de cielo cubierto</description></symbol></forecast><forecast period='tomorrow' date='03/03/2013'><tempMax>1</tempMax><tempMin>-4</tempMin><symbol><icon>03</icon><description>Nuboso: entre 4/8 y 5/8 de cielo cubierto</description></symbol></forecast><forecast period='next' date='04/03/2013'><tempMax>4</tempMax><tempMin>-3</tempMin><symbol><icon>04</icon><description>Muy nuboso: entre 5/8 y 7/8 de cielo cubierto</description></symbol></forecast></forecasts></day>
<day month='3' day='3' done='03/03/2013 [07:03:14]'><forecasts><forecast period='today' date='03/03/2013'><tempMax>0</tempMax><tempMin>-3</tempMin><symbol><icon>03</icon><description>Nuboso: entre 4/8 y 5/8 de cielo cubierto</description></symbol></forecast><forecast period='tomorrow' date='04/03/2013'><tempMax>3</tempMax><tempMin>-5</tempMin><symbol><icon>04</icon><description>Muy nuboso: entre 5/8 y 7/8 de cielo cubierto</description></symbol></forecast><forecast period='next' date='05/03/2013'><tempMax>4</tempMax><tempMin>-1</tempMin><symbol><icon>04</icon><description>Muy nuboso: entre 5/8 y 7/8 de cielo cubierto</description></symbol></forecast></forecasts></day>
<day month='3' day='3' done='03/03/2013 [09:01:51]'><forecasts><forecast period='today' date='03/03/2013'><tempMax>0</tempMax><tempMin>-3</tempMin><symbol><icon>03</icon><description>Nuboso: entre 4/8 y 5/8 de cielo cubierto</description></symbol></forecast><forecast period='tomorrow' date='04/03/2013'><tempMax>3</tempMax><tempMin>-5</tempMin><symbol><icon>04</icon><description>Muy nuboso: entre 5/8 y 7/8 de cielo cubierto</description></symbol></forecast><forecast period='next' date='05/03/2013'><tempMax>4</tempMax><tempMin>-1</tempMin><symbol><icon>04</icon><description>Muy nuboso: entre 5/8 y 7/8 de cielo cubierto</description></symbol></forecast></forecasts></day>
<day month='3' day='3' done='03/03/2013 [18:57:53]'><forecasts><forecast period='today' date='03/03/2013'><tempMax>0</tempMax><tempMin>-3</tempMin><symbol><icon>03</icon><description>Nuboso: entre 4/8 y 5/8 de cielo cubierto</description></symbol></forecast><forecast period='tomorrow' date='04/03/2013'><tempMax>3</tempMax><tempMin>-5</tempMin><symbol><icon>04</icon><description>Muy nuboso: entre 5/8 y 7/8 de cielo cubierto</description></symbol></forecast><forecast period='next' date='05/03/2013'><tempMax>4</tempMax><tempMin>-1</tempMin><symbol><icon>04</icon><description>Muy nuboso: entre 5/8 y 7/8 de cielo cubierto</description></symbol></forecast></forecasts></day>
<day month='3' day='4' done='04/03/2013 [08:17:49]'><forecasts><forecast period='today' date='04/03/2013'><tempMax>2</tempMax><tempMin>-6</tempMin><symbol><icon>03</icon><description>Nuboso: entre 4/8 y 5/8 de cielo cubierto</description></symbol></forecast><forecast period='tomorrow' date='05/03/2013'><tempMax>5</tempMax><tempMin>-2</tempMin><symbol><icon>03</icon><description>Nuboso: entre 4/8 y 5/8 de cielo cubierto</description></symbol></forecast><forecast period='next' date='06/03/2013'><tempMax>5</tempMax><tempMin>-2</tempMin><symbol><icon>04</icon><description>Muy nuboso: entre 5/8 y 7/8 de cielo cubierto</description></symbol></forecast></forecasts></day>
<day month='3' day='4' done='04/03/2013 [10:08:47]'><forecasts><forecast period='today' date='04/03/2013'><tempMax>2</tempMax><tempMin>-6</tempMin><symbol><icon>03</icon><description>Nuboso: entre 4/8 y 5/8 de cielo cubierto</description></symbol></forecast><forecast period='tomorrow' date='05/03/2013'><tempMax>5</tempMax><tempMin>-2</tempMin><symbol><icon>03</icon><description>Nuboso: entre 4/8 y 5/8 de cielo cubierto</description></symbol></forecast><forecast period='next' date='06/03/2013'><tempMax>5</tempMax><tempMin>-2</tempMin><symbol><icon>04</icon><description>Muy nuboso: entre 5/8 y 7/8 de cielo cubierto</description></symbol></forecast></forecasts></day>
<day month='3' day='4' done='04/03/2013 [10:37:11]'><forecasts><forecast period='today' date='04/03/2013'><tempMax>2</tempMax><tempMin>-6</tempMin><symbol><icon>03</icon><description>Nuboso: entre 4/8 y 5/8 de cielo cubierto</description></symbol></forecast><forecast period='tomorrow' date='05/03/2013'><tempMax>5</tempMax><tempMin>-2</tempMin><symbol><icon>03</icon><description>Nuboso: entre 4/8 y 5/8 de cielo cubierto</description></symbol></forecast><forecast period='next' date='06/03/2013'><tempMax>5</tempMax><tempMin>-2</tempMin><symbol><icon>04</icon><description>Muy nuboso: entre 5/8 y 7/8 de cielo cubierto</description></symbol></forecast></forecasts></day>
<day month='3' day='4' done='04/03/2013 [18:25:43]'><forecasts><forecast period='today' date='04/03/2013'><tempMax>2</tempMax><tempMin>-6</tempMin><symbol><icon>03</icon><description>Nuboso: entre 4/8 y 5/8 de cielo cubierto</description></symbol></forecast><forecast period='tomorrow' date='05/03/2013'><tempMax>5</tempMax><tempMin>-2</tempMin><symbol><icon>03</icon><description>Nuboso: entre 4/8 y 5/8 de cielo cubierto</description></symbol></forecast><forecast period='next' date='06/03/2013'><tempMax>5</tempMax><tempMin>-2</tempMin><symbol><icon>04</icon><description>Muy nuboso: entre 5/8 y 7/8 de cielo cubierto</description></symbol></forecast></forecasts></day>
<day month='3' day='5' done='05/03/2013 [08:24:22]'><forecasts><forecast period='today' date='05/03/2013'><tempMax>4</tempMax><tempMin>-1</tempMin><symbol><icon>04</icon><description>Muy nuboso: entre 5/8 y 7/8 de cielo cubierto</description></symbol></forecast><forecast period='tomorrow' date='06/03/2013'><tempMax>4</tempMax><tempMin>-3</tempMin><symbol><icon>03</icon><description>Nuboso: entre 4/8 y 5/8 de cielo cubierto</description></symbol></forecast><forecast period='next' date='07/03/2013'><tempMax>1</tempMax><tempMin>-3</tempMin><symbol><icon>01</icon><description>Poco nuboso: entre 1/8 y 2/8 de cielo cubierto</description></symbol></forecast></forecasts></day>
<day month='3' day='5' done='05/03/2013 [09:34:40]'><forecasts><forecast period='today' date='05/03/2013'><tempMax>4</tempMax><tempMin>-1</tempMin><symbol><icon>04</icon><description>Muy nuboso: entre 5/8 y 7/8 de cielo cubierto</description></symbol></forecast><forecast period='tomorrow' date='06/03/2013'><tempMax>4</tempMax><tempMin>-3</tempMin><symbol><icon>03</icon><description>Nuboso: entre 4/8 y 5/8 de cielo cubierto</description></symbol></forecast><forecast period='next' date='07/03/2013'><tempMax>1</tempMax><tempMin>-3</tempMin><symbol><icon>01</icon><description>Poco nuboso: entre 1/8 y 2/8 de cielo cubierto</description></symbol></forecast></forecasts></day>
<day month='3' day='5' done='05/03/2013 [11:00:16]'><forecasts><forecast period='today' date='05/03/2013'><tempMax>4</tempMax><tempMin>-1</tempMin><symbol><icon>04</icon><description>Muy nuboso: entre 5/8 y 7/8 de cielo cubierto</description></symbol></forecast><forecast period='tomorrow' date='06/03/2013'><tempMax>4</tempMax><tempMin>-3</tempMin><symbol><icon>03</icon><description>Nuboso: entre 4/8 y 5/8 de cielo cubierto</description></symbol></forecast><forecast period='next' date='07/03/2013'><tempMax>1</tempMax><tempMin>-3</tempMin><symbol><icon>01</icon><description>Poco nuboso: entre 1/8 y 2/8 de cielo cubierto</description></symbol></forecast></forecasts></day>
<day month='3' day='5' done='05/03/2013 [18:25:22]'><forecasts><forecast period='today' date='05/03/2013'><tempMax>4</tempMax><tempMin>-1</tempMin><symbol><icon>04</icon><description>Muy nuboso: entre 5/8 y 7/8 de cielo cubierto</description></symbol></forecast><forecast period='tomorrow' date='06/03/2013'><tempMax>4</tempMax><tempMin>-3</tempMin><symbol><icon>03</icon><description>Nuboso: entre 4/8 y 5/8 de cielo cubierto</description></symbol></forecast><forecast period='next' date='07/03/2013'><tempMax>1</tempMax><tempMin>-3</tempMin><symbol><icon>01</icon><description>Poco nuboso: entre 1/8 y 2/8 de cielo cubierto</description></symbol></forecast></forecasts></day>
<day month='3' day='6' done='06/03/2013 [08:21:08]'><forecasts><forecast period='today' date='06/03/2013'><tempMax>4</tempMax><tempMin>-3</tempMin><symbol><icon>03</icon><description>Nuboso: entre 4/8 y 5/8 de cielo cubierto</description></symbol></forecast><forecast period='tomorrow' date='07/03/2013'><tempMax>1</tempMax><tempMin>-7</tempMin><symbol><icon>01</icon><description>Poco nuboso: entre 1/8 y 2/8 de cielo cubierto</description></symbol></forecast><forecast period='next' date='08/03/2013'><tempMax>1</tempMax><tempMin>-7</tempMin><symbol><icon>01</icon><description>Poco nuboso: entre 1/8 y 2/8 de cielo cubierto</description></symbol></forecast></forecasts></day>
<day month='3' day='6' done='06/03/2013 [09:54:21]'><forecasts><forecast period='today' date='06/03/2013'><tempMax>4</tempMax><tempMin>-3</tempMin><symbol><icon>03</icon><description>Nuboso: entre 4/8 y 5/8 de cielo cubierto</description></symbol></forecast><forecast period='tomorrow' date='07/03/2013'><tempMax>1</tempMax><tempMin>-7</tempMin><symbol><icon>01</icon><description>Poco nuboso: entre 1/8 y 2/8 de cielo cubierto</description></symbol></forecast><forecast period='next' date='08/03/2013'><tempMax>1</tempMax><tempMin>-7</tempMin><symbol><icon>01</icon><description>Poco nuboso: entre 1/8 y 2/8 de cielo cubierto</description></symbol></forecast></forecasts></day>
<day month='3' day='6' done='06/03/2013 [11:44:13]'><forecasts><forecast period='today' date='06/03/2013'><tempMax>4</tempMax><tempMin>-3</tempMin><symbol><icon>03</icon><description>Nuboso: entre 4/8 y 5/8 de cielo cubierto</description></symbol></forecast><forecast period='tomorrow' date='07/03/2013'><tempMax>1</tempMax><tempMin>-7</tempMin><symbol><icon>01</icon><description>Poco nuboso: entre 1/8 y 2/8 de cielo cubierto</description></symbol></forecast><forecast period='next' date='08/03/2013'><tempMax>1</tempMax><tempMin>-7</tempMin><symbol><icon>01</icon><description>Poco nuboso: entre 1/8 y 2/8 de cielo cubierto</description></symbol></forecast></forecasts></day>
<day month='3' day='6' done='06/03/2013 [12:04:14]'><forecasts><forecast period='today' date='06/03/2013'><tempMax>4</tempMax><tempMin>-3</tempMin><symbol><icon>03</icon><description>Nuboso: entre 4/8 y 5/8 de cielo cubierto</description></symbol></forecast><forecast period='tomorrow' date='07/03/2013'><tempMax>1</tempMax><tempMin>-7</tempMin><symbol><icon>01</icon><description>Poco nuboso: entre 1/8 y 2/8 de cielo cubierto</description></symbol></forecast><forecast period='next' date='08/03/2013'><tempMax>1</tempMax><tempMin>-7</tempMin><symbol><icon>01</icon><description>Poco nuboso: entre 1/8 y 2/8 de cielo cubierto</description></symbol></forecast></forecasts></day>
<day month='3' day='6' done='06/03/2013 [18:23:12]'><forecasts><forecast period='today' date='06/03/2013'><tempMax>4</tempMax><tempMin>-3</tempMin><symbol><icon>03</icon><description>Nuboso: entre 4/8 y 5/8 de cielo cubierto</description></symbol></forecast><forecast period='tomorrow' date='07/03/2013'><tempMax>1</tempMax><tempMin>-7</tempMin><symbol><icon>01</icon><description>Poco nuboso: entre 1/8 y 2/8 de cielo cubierto</description></symbol></forecast><forecast period='next' date='08/03/2013'><tempMax>1</tempMax><tempMin>-7</tempMin><symbol><icon>01</icon><description>Poco nuboso: entre 1/8 y 2/8 de cielo cubierto</description></symbol></forecast></forecasts></day>
<day month='3' day='7' done='07/03/2013 [08:19:02]'><forecasts><forecast period='today' date='07/03/2013'><tempMax>1</tempMax><tempMin>-5</tempMin><symbol><icon>01</icon><description>Poco nuboso: entre 1/8 y 2/8 de cielo cubierto</description></symbol></forecast><forecast period='tomorrow' date='08/03/2013'><tempMax>1</tempMax><tempMin>-5</tempMin><symbol><icon>01</icon><description>Poco nuboso: entre 1/8 y 2/8 de cielo cubierto</description></symbol></forecast><forecast period='next' date='09/03/2013'><tempMax>-1</tempMax><tempMin>-7</tempMin><symbol><icon>01</icon><description>Poco nuboso: entre 1/8 y 2/8 de cielo cubierto</description></symbol></forecast></forecasts></day>
<day month='3' day='7' done='07/03/2013 [10:02:59]'><forecasts><forecast period='today' date='07/03/2013'><tempMax>1</tempMax><tempMin>-5</tempMin><symbol><icon>01</icon><description>Poco nuboso: entre 1/8 y 2/8 de cielo cubierto</description></symbol></forecast><forecast period='tomorrow' date='08/03/2013'><tempMax>1</tempMax><tempMin>-5</tempMin><symbol><icon>01</icon><description>Poco nuboso: entre 1/8 y 2/8 de cielo cubierto</description></symbol></forecast><forecast period='next' date='09/03/2013'><tempMax>-1</tempMax><tempMin>-7</tempMin><symbol><icon>01</icon><description>Poco nuboso: entre 1/8 y 2/8 de cielo cubierto</description></symbol></forecast></forecasts></day>
<day month='3' day='7' done='07/03/2013 [18:18:52]'><forecasts><forecast period='today' date='07/03/2013'><tempMax>1</tempMax><tempMin>-5</tempMin><symbol><icon>01</icon><description>Poco nuboso: entre 1/8 y 2/8 de cielo cubierto</description></symbol></forecast><forecast period='tomorrow' date='08/03/2013'><tempMax>1</tempMax><tempMin>-5</tempMin><symbol><icon>01</icon><description>Poco nuboso: entre 1/8 y 2/8 de cielo cubierto</description></symbol></forecast><forecast period='next' date='09/03/2013'><tempMax>-1</tempMax><tempMin>-7</tempMin><symbol><icon>01</icon><description>Poco nuboso: entre 1/8 y 2/8 de cielo cubierto</description></symbol></forecast></forecasts></day>
<day month='3' day='8' done='08/03/2013 [08:52:40]'><forecasts><forecast period='today' date='08/03/2013'><tempMax>0</tempMax><tempMin>-7</tempMin><symbol><icon>01</icon><description>Poco nuboso: entre 1/8 y 2/8 de cielo cubierto</description></symbol></forecast><forecast period='tomorrow' date='09/03/2013'><tempMax>-3</tempMax><tempMin>-9</tempMin><symbol><icon>01</icon><description>Poco nuboso: entre 1/8 y 2/8 de cielo cubierto</description></symbol></forecast><forecast period='next' date='10/03/2013'><tempMax>-3</tempMax><tempMin>-11</tempMin><symbol><icon>01</icon><description>Poco nuboso: entre 1/8 y 2/8 de cielo cubierto</description></symbol></forecast></forecasts></day>
<day month='3' day='8' done='08/03/2013 [10:54:03]'><forecasts><forecast period='today' date='08/03/2013'><tempMax>0</tempMax><tempMin>-7</tempMin><symbol><icon>01</icon><description>Poco nuboso: entre 1/8 y 2/8 de cielo cubierto</description></symbol></forecast><forecast period='tomorrow' date='09/03/2013'><tempMax>-3</tempMax><tempMin>-9</tempMin><symbol><icon>01</icon><description>Poco nuboso: entre 1/8 y 2/8 de cielo cubierto</description></symbol></forecast><forecast period='next' date='10/03/2013'><tempMax>-3</tempMax><tempMin>-11</tempMin><symbol><icon>01</icon><description>Poco nuboso: entre 1/8 y 2/8 de cielo cubierto</description></symbol></forecast></forecasts></day>
<day month='3' day='8' done='08/03/2013 [11:53:35]'><forecasts><forecast period='today' date='08/03/2013'><tempMax>0</tempMax><tempMin>-7</tempMin><symbol><icon>01</icon><description>Poco nuboso: entre 1/8 y 2/8 de cielo cubierto</description></symbol></forecast><forecast period='tomorrow' date='09/03/2013'><tempMax>-3</tempMax><tempMin>-9</tempMin><symbol><icon>01</icon><description>Poco nuboso: entre 1/8 y 2/8 de cielo cubierto</description></symbol></forecast><forecast period='next' date='10/03/2013'><tempMax>-3</tempMax><tempMin>-11</tempMin><symbol><icon>01</icon><description>Poco nuboso: entre 1/8 y 2/8 de cielo cubierto</description></symbol></forecast></forecasts></day>
<day month='3' day='8' done='08/03/2013 [18:19:36]'><forecasts><forecast period='today' date='08/03/2013'><tempMax>0</tempMax><tempMin>-7</tempMin><symbol><icon>01</icon><description>Poco nuboso: entre 1/8 y 2/8 de cielo cubierto</description></symbol></forecast><forecast period='tomorrow' date='09/03/2013'><tempMax>-3</tempMax><tempMin>-9</tempMin><symbol><icon>01</icon><description>Poco nuboso: entre 1/8 y 2/8 de cielo cubierto</description></symbol></forecast><forecast period='next' date='10/03/2013'><tempMax>-3</tempMax><tempMin>-11</tempMin><symbol><icon>01</icon><description>Poco nuboso: entre 1/8 y 2/8 de cielo cubierto</description></symbol></forecast></forecasts></day>
<day month='3' day='9' done='09/03/2013 [07:22:07]'><forecasts><forecast period='today' date='09/03/2013'><tempMax>-3</tempMax><tempMin>-7</tempMin><symbol><icon>01</icon><description>Poco nuboso: entre 1/8 y 2/8 de cielo cubierto</description></symbol></forecast><forecast period='tomorrow' date='10/03/2013'><tempMax>-3</tempMax><tempMin>-9</tempMin><symbol><icon>01</icon><description>Poco nuboso: entre 1/8 y 2/8 de cielo cubierto</description></symbol></forecast><forecast period='next' date='11/03/2013'><tempMax>-5</tempMax><tempMin>-12</tempMin><symbol><icon>01</icon><description>Poco nuboso: entre 1/8 y 2/8 de cielo cubierto</description></symbol></forecast></forecasts></day>
<day month='3' day='9' done='09/03/2013 [10:17:59]'><forecasts><forecast period='today' date='09/03/2013'><tempMax>-3</tempMax><tempMin>-7</tempMin><symbol><icon>01</icon><description>Poco nuboso: entre 1/8 y 2/8 de cielo cubierto</description></symbol></forecast><forecast period='tomorrow' date='10/03/2013'><tempMax>-3</tempMax><tempMin>-9</tempMin><symbol><icon>01</icon><description>Poco nuboso: entre 1/8 y 2/8 de cielo cubierto</description></symbol></forecast><forecast period='next' date='11/03/2013'><tempMax>-5</tempMax><tempMin>-12</tempMin><symbol><icon>01</icon><description>Poco nuboso: entre 1/8 y 2/8 de cielo cubierto</description></symbol></forecast></forecasts></day>
<day month='3' day='9' done='09/03/2013 [10:44:20]'><forecasts><forecast period='today' date='09/03/2013'><tempMax>-3</tempMax><tempMin>-7</tempMin><symbol><icon>01</icon><description>Poco nuboso: entre 1/8 y 2/8 de cielo cubierto</description></symbol></forecast><forecast period='tomorrow' date='10/03/2013'><tempMax>-3</tempMax><tempMin>-9</tempMin><symbol><icon>01</icon><description>Poco nuboso: entre 1/8 y 2/8 de cielo cubierto</description></symbol></forecast><forecast period='next' date='11/03/2013'><tempMax>-5</tempMax><tempMin>-12</tempMin><symbol><icon>01</icon><description>Poco nuboso: entre 1/8 y 2/8 de cielo cubierto</description></symbol></forecast></forecasts></day>
<day month='3' day='9' done='09/03/2013 [18:26:18]'><forecasts><forecast period='today' date='09/03/2013'><tempMax>-3</tempMax><tempMin>-7</tempMin><symbol><icon>01</icon><description>Poco nuboso: entre 1/8 y 2/8 de cielo cubierto</description></symbol></forecast><forecast period='tomorrow' date='10/03/2013'><tempMax>-3</tempMax><tempMin>-9</tempMin><symbol><icon>01</icon><description>Poco nuboso: entre 1/8 y 2/8 de cielo cubierto</description></symbol></forecast><forecast period='next' date='11/03/2013'><tempMax>-5</tempMax><tempMin>-12</tempMin><symbol><icon>01</icon><description>Poco nuboso: entre 1/8 y 2/8 de cielo cubierto</description></symbol></forecast></forecasts></day>
<day month='3' day='10' done='10/03/2013 [08:06:41]'><forecasts><forecast period='today' date='10/03/2013'><tempMax>-3</tempMax><tempMin>-9</tempMin><symbol><icon>02</icon><description>Parcialmente nuboso: entre 2/8 y 4/8 de cielo cubierto</description></symbol></forecast><forecast period='tomorrow' date='11/03/2013'><tempMax>-3</tempMax><tempMin>-14</tempMin><symbol><icon>03</icon><description>Nuboso: entre 4/8 y 5/8 de cielo cubierto</description></symbol></forecast><forecast period='next' date='12/03/2013'><tempMax>-1</tempMax><tempMin>-9</tempMin><symbol><icon>18</icon><description>Nieve: precipitación de cristales de hielo</description></symbol></forecast></forecasts></day>
<day month='3' day='10' done='10/03/2013 [09:54:43]'><forecasts><forecast period='today' date='10/03/2013'><tempMax>-3</tempMax><tempMin>-9</tempMin><symbol><icon>02</icon><description>Parcialmente nuboso: entre 2/8 y 4/8 de cielo cubierto</description></symbol></forecast><forecast period='tomorrow' date='11/03/2013'><tempMax>-3</tempMax><tempMin>-14</tempMin><symbol><icon>03</icon><description>Nuboso: entre 4/8 y 5/8 de cielo cubierto</description></symbol></forecast><forecast period='next' date='12/03/2013'><tempMax>-1</tempMax><tempMin>-9</tempMin><symbol><icon>18</icon><description>Nieve: precipitación de cristales de hielo</description></symbol></forecast></forecasts></day>
<day month='3' day='10' done='10/03/2013 [14:18:51]'><forecasts><forecast period='today' date='10/03/2013'><tempMax>-3</tempMax><tempMin>-9</tempMin><symbol><icon>02</icon><description>Parcialmente nuboso: entre 2/8 y 4/8 de cielo cubierto</description></symbol></forecast><forecast period='tomorrow' date='11/03/2013'><tempMax>-3</tempMax><tempMin>-14</tempMin><symbol><icon>03</icon><description>Nuboso: entre 4/8 y 5/8 de cielo cubierto</description></symbol></forecast><forecast period='next' date='12/03/2013'><tempMax>-1</tempMax><tempMin>-9</tempMin><symbol><icon>18</icon><description>Nieve: precipitación de cristales de hielo</description></symbol></forecast></forecasts></day>
<day month='3' day='10' done='10/03/2013 [18:23:00]'><forecasts><forecast period='today' date='10/03/2013'><tempMax>-3</tempMax><tempMin>-9</tempMin><symbol><icon>02</icon><description>Parcialmente nuboso: entre 2/8 y 4/8 de cielo cubierto</description></symbol></forecast><forecast period='tomorrow' date='11/03/2013'><tempMax>-3</tempMax><tempMin>-14</tempMin><symbol><icon>03</icon><description>Nuboso: entre 4/8 y 5/8 de cielo cubierto</description></symbol></forecast><forecast period='next' date='12/03/2013'><tempMax>-1</tempMax><tempMin>-9</tempMin><symbol><icon>18</icon><description>Nieve: precipitación de cristales de hielo</description></symbol></forecast></forecasts></day>
<day month='3' day='11' done='11/03/2013 [08:38:33]'><forecasts><forecast period='today' date='11/03/2013'><tempMax>-3</tempMax><tempMin>-15</tempMin><symbol><icon>01</icon><description>Poco nuboso: entre 1/8 y 2/8 de cielo cubierto</description></symbol></forecast><forecast period='tomorrow' date='12/03/2013'><tempMax>-1</tempMax><tempMin>-10</tempMin><symbol><icon>04</icon><description>Muy nuboso: entre 5/8 y 7/8 de cielo cubierto</description></symbol></forecast><forecast period='next' date='13/03/2013'><tempMax>-4</tempMax><tempMin>-7</tempMin><symbol><icon>18</icon><description>Nieve: precipitación de cristales de hielo</description></symbol></forecast></forecasts></day>
<day month='3' day='11' done='11/03/2013 [09:34:43]'><forecasts><forecast period='today' date='11/03/2013'><tempMax>-3</tempMax><tempMin>-15</tempMin><symbol><icon>01</icon><description>Poco nuboso: entre 1/8 y 2/8 de cielo cubierto</description></symbol></forecast><forecast period='tomorrow' date='12/03/2013'><tempMax>-1</tempMax><tempMin>-10</tempMin><symbol><icon>04</icon><description>Muy nuboso: entre 5/8 y 7/8 de cielo cubierto</description></symbol></forecast><forecast period='next' date='13/03/2013'><tempMax>-4</tempMax><tempMin>-7</tempMin><symbol><icon>18</icon><description>Nieve: precipitación de cristales de hielo</description></symbol></forecast></forecasts></day>
<day month='3' day='11' done='11/03/2013 [11:24:27]'><forecasts><forecast period='today' date='11/03/2013'><tempMax>-3</tempMax><tempMin>-15</tempMin><symbol><icon>01</icon><description>Poco nuboso: entre 1/8 y 2/8 de cielo cubierto</description></symbol></forecast><forecast period='tomorrow' date='12/03/2013'><tempMax>-1</tempMax><tempMin>-10</tempMin><symbol><icon>04</icon><description>Muy nuboso: entre 5/8 y 7/8 de cielo cubierto</description></symbol></forecast><forecast period='next' date='13/03/2013'><tempMax>-4</tempMax><tempMin>-7</tempMin><symbol><icon>18</icon><description>Nieve: precipitación de cristales de hielo</description></symbol></forecast></forecasts></day>
<day month='3' day='11' done='11/03/2013 [12:28:20]'><forecasts><forecast period='today' date='11/03/2013'><tempMax>-3</tempMax><tempMin>-15</tempMin><symbol><icon>01</icon><description>Poco nuboso: entre 1/8 y 2/8 de cielo cubierto</description></symbol></forecast><forecast period='tomorrow' date='12/03/2013'><tempMax>-1</tempMax><tempMin>-10</tempMin><symbol><icon>04</icon><description>Muy nuboso: entre 5/8 y 7/8 de cielo cubierto</description></symbol></forecast><forecast period='next' date='13/03/2013'><tempMax>-4</tempMax><tempMin>-7</tempMin><symbol><icon>18</icon><description>Nieve: precipitación de cristales de hielo</description></symbol></forecast></forecasts></day>
<day month='3' day='11' done='11/03/2013 [18:58:26]'><forecasts><forecast period='today' date='11/03/2013'><tempMax>-3</tempMax><tempMin>-15</tempMin><symbol><icon>01</icon><description>Poco nuboso: entre 1/8 y 2/8 de cielo cubierto</description></symbol></forecast><forecast period='tomorrow' date='12/03/2013'><tempMax>-1</tempMax><tempMin>-10</tempMin><symbol><icon>04</icon><description>Muy nuboso: entre 5/8 y 7/8 de cielo cubierto</description></symbol></forecast><forecast period='next' date='13/03/2013'><tempMax>-4</tempMax><tempMin>-7</tempMin><symbol><icon>18</icon><description>Nieve: precipitación de cristales de hielo</description></symbol></forecast></forecasts></day>
<day month='3' day='11' done='11/03/2013 [20:00:26]'><forecasts><forecast period='today' date='11/03/2013'><tempMax>-3</tempMax><tempMin>-15</tempMin><symbol><icon>01</icon><description>Poco nuboso: entre 1/8 y 2/8 de cielo cubierto</description></symbol></forecast><forecast period='tomorrow' date='12/03/2013'><tempMax>-1</tempMax><tempMin>-10</tempMin><symbol><icon>04</icon><description>Muy nuboso: entre 5/8 y 7/8 de cielo cubierto</description></symbol></forecast><forecast period='next' date='13/03/2013'><tempMax>-4</tempMax><tempMin>-7</tempMin><symbol><icon>18</icon><description>Nieve: precipitación de cristales de hielo</description></symbol></forecast></forecasts></day>
<day month='3' day='12' done='12/03/2013 [08:50:27]'><forecasts><forecast period='today' date='12/03/2013'><tempMax>-1</tempMax><tempMin>-9</tempMin><symbol><icon>18</icon><description>Nieve: precipitación de cristales de hielo</description></symbol></forecast><forecast period='tomorrow' date='13/03/2013'><tempMax>-4</tempMax><tempMin>-7</tempMin><symbol><icon>03</icon><description>Nuboso: entre 4/8 y 5/8 de cielo cubierto</description></symbol></forecast><forecast period='next' date='14/03/2013'><tempMax>-3</tempMax><tempMin>-15</tempMin><symbol><icon>01</icon><description>Poco nuboso: entre 1/8 y 2/8 de cielo cubierto</description></symbol></forecast></forecasts></day>
<day month='3' day='12' done='12/03/2013 [09:07:32]'><forecasts><forecast period='today' date='12/03/2013'><tempMax>-1</tempMax><tempMin>-9</tempMin><symbol><icon>18</icon><description>Nieve: precipitación de cristales de hielo</description></symbol></forecast><forecast period='tomorrow' date='13/03/2013'><tempMax>-4</tempMax><tempMin>-7</tempMin><symbol><icon>03</icon><description>Nuboso: entre 4/8 y 5/8 de cielo cubierto</description></symbol></forecast><forecast period='next' date='14/03/2013'><tempMax>-3</tempMax><tempMin>-15</tempMin><symbol><icon>01</icon><description>Poco nuboso: entre 1/8 y 2/8 de cielo cubierto</description></symbol></forecast></forecasts></day>
<day month='3' day='12' done='12/03/2013 [10:23:11]'><forecasts><forecast period='today' date='12/03/2013'><tempMax>-1</tempMax><tempMin>-9</tempMin><symbol><icon>18</icon><description>Nieve: precipitación de cristales de hielo</description></symbol></forecast><forecast period='tomorrow' date='13/03/2013'><tempMax>-4</tempMax><tempMin>-7</tempMin><symbol><icon>03</icon><description>Nuboso: entre 4/8 y 5/8 de cielo cubierto</description></symbol></forecast><forecast period='next' date='14/03/2013'><tempMax>-3</tempMax><tempMin>-15</tempMin><symbol><icon>01</icon><description>Poco nuboso: entre 1/8 y 2/8 de cielo cubierto</description></symbol></forecast></forecasts></day>
<day month='3' day='12' done='12/03/2013 [12:00:55]'><forecasts><forecast period='today' date='12/03/2013'><tempMax>-1</tempMax><tempMin>-9</tempMin><symbol><icon>18</icon><description>Nieve: precipitación de cristales de hielo</description></symbol></forecast><forecast period='tomorrow' date='13/03/2013'><tempMax>-4</tempMax><tempMin>-7</tempMin><symbol><icon>03</icon><description>Nuboso: entre 4/8 y 5/8 de cielo cubierto</description></symbol></forecast><forecast period='next' date='14/03/2013'><tempMax>-3</tempMax><tempMin>-15</tempMin><symbol><icon>01</icon><description>Poco nuboso: entre 1/8 y 2/8 de cielo cubierto</description></symbol></forecast></forecasts></day>
<day month='3' day='12' done='12/03/2013 [18:58:01]'><forecasts><forecast period='today' date='12/03/2013'><tempMax>-1</tempMax><tempMin>-9</tempMin><symbol><icon>18</icon><description>Nieve: precipitación de cristales de hielo</description></symbol></forecast><forecast period='tomorrow' date='13/03/2013'><tempMax>-4</tempMax><tempMin>-7</tempMin><symbol><icon>03</icon><description>Nuboso: entre 4/8 y 5/8 de cielo cubierto</description></symbol></forecast><forecast period='next' date='14/03/2013'><tempMax>-3</tempMax><tempMin>-15</tempMin><symbol><icon>01</icon><description>Poco nuboso: entre 1/8 y 2/8 de cielo cubierto</description></symbol></forecast></forecasts></day>
<day month='3' day='13' done='13/03/2013 [08:29:30]'><forecasts><forecast period='today' date='13/03/2013'><tempMax>-4</tempMax><tempMin>-8</tempMin><symbol><icon>02</icon><description>Parcialmente nuboso: entre 2/8 y 4/8 de cielo cubierto</description></symbol></forecast><forecast period='tomorrow' date='14/03/2013'><tempMax>-4</tempMax><tempMin>-15</tempMin><symbol><icon>00</icon><description>Despejado: cielo sin nubosidad o 1/8 de cielo cubierto</description></symbol></forecast><forecast period='next' date='15/03/2013'><tempMax>-2</tempMax><tempMin>-11</tempMin><symbol><icon>01</icon><description>Poco nuboso: entre 1/8 y 2/8 de cielo cubierto</description></symbol></forecast></forecasts></day>
<day month='3' day='13' done='13/03/2013 [10:18:01]'><forecasts><forecast period='today' date='13/03/2013'><tempMax>-4</tempMax><tempMin>-8</tempMin><symbol><icon>02</icon><description>Parcialmente nuboso: entre 2/8 y 4/8 de cielo cubierto</description></symbol></forecast><forecast period='tomorrow' date='14/03/2013'><tempMax>-4</tempMax><tempMin>-15</tempMin><symbol><icon>00</icon><description>Despejado: cielo sin nubosidad o 1/8 de cielo cubierto</description></symbol></forecast><forecast period='next' date='15/03/2013'><tempMax>-2</tempMax><tempMin>-11</tempMin><symbol><icon>01</icon><description>Poco nuboso: entre 1/8 y 2/8 de cielo cubierto</description></symbol></forecast></forecasts></day>
<day month='3' day='13' done='13/03/2013 [11:22:31]'><forecasts><forecast period='today' date='13/03/2013'><tempMax>-4</tempMax><tempMin>-8</tempMin><symbol><icon>02</icon><description>Parcialmente nuboso: entre 2/8 y 4/8 de cielo cubierto</description></symbol></forecast><forecast period='tomorrow' date='14/03/2013'><tempMax>-4</tempMax><tempMin>-15</tempMin><symbol><icon>00</icon><description>Despejado: cielo sin nubosidad o 1/8 de cielo cubierto</description></symbol></forecast><forecast period='next' date='15/03/2013'><tempMax>-2</tempMax><tempMin>-11</tempMin><symbol><icon>01</icon><description>Poco nuboso: entre 1/8 y 2/8 de cielo cubierto</description></symbol></forecast></forecasts></day>
<day month='3' day='13' done='13/03/2013 [19:03:52]'><forecasts><forecast period='today' date='13/03/2013'><tempMax>-4</tempMax><tempMin>-8</tempMin><symbol><icon>02</icon><description>Parcialmente nuboso: entre 2/8 y 4/8 de cielo cubierto</description></symbol></forecast><forecast period='tomorrow' date='14/03/2013'><tempMax>-4</tempMax><tempMin>-15</tempMin><symbol><icon>00</icon><description>Despejado: cielo sin nubosidad o 1/8 de cielo cubierto</description></symbol></forecast><forecast period='next' date='15/03/2013'><tempMax>-2</tempMax><tempMin>-11</tempMin><symbol><icon>01</icon><description>Poco nuboso: entre 1/8 y 2/8 de cielo cubierto</description></symbol></forecast></forecasts></day>
<day month='3' day='14' done='14/03/2013 [08:49:13]'><forecasts><forecast period='today' date='14/03/2013'><tempMax>-4</tempMax><tempMin>-13</tempMin><symbol><icon>01</icon><description>Poco nuboso: entre 1/8 y 2/8 de cielo cubierto</description></symbol></forecast><forecast period='tomorrow' date='15/03/2013'><tempMax>-2</tempMax><tempMin>-13</tempMin><symbol><icon>00</icon><description>Despejado: cielo sin nubosidad o 1/8 de cielo cubierto</description></symbol></forecast><forecast period='next' date='16/03/2013'><tempMax>1</tempMax><tempMin>-10</tempMin><symbol><icon>03</icon><description>Nuboso: entre 4/8 y 5/8 de cielo cubierto</description></symbol></forecast></forecasts></day>
<day month='3' day='14' done='14/03/2013 [10:39:54]'><forecasts><forecast period='today' date='14/03/2013'><tempMax>-4</tempMax><tempMin>-13</tempMin><symbol><icon>01</icon><description>Poco nuboso: entre 1/8 y 2/8 de cielo cubierto</description></symbol></forecast><forecast period='tomorrow' date='15/03/2013'><tempMax>-2</tempMax><tempMin>-13</tempMin><symbol><icon>00</icon><description>Despejado: cielo sin nubosidad o 1/8 de cielo cubierto</description></symbol></forecast><forecast period='next' date='16/03/2013'><tempMax>1</tempMax><tempMin>-10</tempMin><symbol><icon>03</icon><description>Nuboso: entre 4/8 y 5/8 de cielo cubierto</description></symbol></forecast></forecasts></day>
<day month='3' day='14' done='14/03/2013 [11:17:35]'><forecasts><forecast period='today' date='14/03/2013'><tempMax>-4</tempMax><tempMin>-13</tempMin><symbol><icon>01</icon><description>Poco nuboso: entre 1/8 y 2/8 de cielo cubierto</description></symbol></forecast><forecast period='tomorrow' date='15/03/2013'><tempMax>-2</tempMax><tempMin>-13</tempMin><symbol><icon>00</icon><description>Despejado: cielo sin nubosidad o 1/8 de cielo cubierto</description></symbol></forecast><forecast period='next' date='16/03/2013'><tempMax>1</tempMax><tempMin>-10</tempMin><symbol><icon>03</icon><description>Nuboso: entre 4/8 y 5/8 de cielo cubierto</description></symbol></forecast></forecasts></day>
<day month='3' day='14' done='14/03/2013 [19:13:19]'><forecasts><forecast period='today' date='14/03/2013'><tempMax>-4</tempMax><tempMin>-13</tempMin><symbol><icon>01</icon><description>Poco nuboso: entre 1/8 y 2/8 de cielo cubierto</description></symbol></forecast><forecast period='tomorrow' date='15/03/2013'><tempMax>-2</tempMax><tempMin>-13</tempMin><symbol><icon>00</icon><description>Despejado: cielo sin nubosidad o 1/8 de cielo cubierto</description></symbol></forecast><forecast period='next' date='16/03/2013'><tempMax>1</tempMax><tempMin>-10</tempMin><symbol><icon>03</icon><description>Nuboso: entre 4/8 y 5/8 de cielo cubierto</description></symbol></forecast></forecasts></day>
<day month='3' day='15' done='15/03/2013 [09:01:43]'><forecasts><forecast period='today' date='17/03/2013'><tempMax>1</tempMax><tempMin>-2</tempMin><symbol><icon>04</icon><description>Muy nuboso: entre 5/8 y 7/8 de cielo cubierto</description></symbol></forecast><forecast period='tomorrow' date='15/03/2013'><tempMax>-2</tempMax><tempMin>-13</tempMin><symbol><icon>00</icon><description>Despejado: cielo sin nubosidad o 1/8 de cielo cubierto</description></symbol></forecast><forecast period='next' date='16/03/2013'><tempMax>0</tempMax><tempMin>-11</tempMin><symbol><icon>03</icon><description>Nuboso: entre 4/8 y 5/8 de cielo cubierto</description></symbol></forecast></forecasts></day>
<day month='3' day='15' done='15/03/2013 [09:29:13]'><forecasts><forecast period='today' date='15/03/2013'><tempMax>-2</tempMax><tempMin>-13</tempMin><symbol><icon>00</icon><description>Despejado: cielo sin nubosidad o 1/8 de cielo cubierto</description></symbol></forecast><forecast period='tomorrow' date='16/03/2013'><tempMax>0</tempMax><tempMin>-11</tempMin><symbol><icon>03</icon><description>Nuboso: entre 4/8 y 5/8 de cielo cubierto</description></symbol></forecast><forecast period='next' date='17/03/2013'><tempMax>1</tempMax><tempMin>-2</tempMin><symbol><icon>04</icon><description>Muy nuboso: entre 5/8 y 7/8 de cielo cubierto</description></symbol></forecast></forecasts></day>
<day month='3' day='15' done='15/03/2013 [10:24:31]'><forecasts><forecast period='today' date='15/03/2013'><tempMax>-2</tempMax><tempMin>-13</tempMin><symbol><icon>00</icon><description>Despejado: cielo sin nubosidad o 1/8 de cielo cubierto</description></symbol></forecast><forecast period='tomorrow' date='16/03/2013'><tempMax>0</tempMax><tempMin>-11</tempMin><symbol><icon>03</icon><description>Nuboso: entre 4/8 y 5/8 de cielo cubierto</description></symbol></forecast><forecast period='next' date='17/03/2013'><tempMax>1</tempMax><tempMin>-2</tempMin><symbol><icon>04</icon><description>Muy nuboso: entre 5/8 y 7/8 de cielo cubierto</description></symbol></forecast></forecasts></day>
<day month='3' day='15' done='15/03/2013 [11:55:24]'><forecasts><forecast period='today' date='15/03/2013'><tempMax>-2</tempMax><tempMin>-13</tempMin><symbol><icon>00</icon><description>Despejado: cielo sin nubosidad o 1/8 de cielo cubierto</description></symbol></forecast><forecast period='tomorrow' date='16/03/2013'><tempMax>0</tempMax><tempMin>-11</tempMin><symbol><icon>03</icon><description>Nuboso: entre 4/8 y 5/8 de cielo cubierto</description></symbol></forecast><forecast period='next' date='17/03/2013'><tempMax>1</tempMax><tempMin>-2</tempMin><symbol><icon>04</icon><description>Muy nuboso: entre 5/8 y 7/8 de cielo cubierto</description></symbol></forecast></forecasts></day>
<day month='3' day='15' done='15/03/2013 [19:27:25]'><forecasts><forecast period='today' date='15/03/2013'><tempMax>-2</tempMax><tempMin>-13</tempMin><symbol><icon>00</icon><description>Despejado: cielo sin nubosidad o 1/8 de cielo cubierto</description></symbol></forecast><forecast period='tomorrow' date='16/03/2013'><tempMax>0</tempMax><tempMin>-11</tempMin><symbol><icon>03</icon><description>Nuboso: entre 4/8 y 5/8 de cielo cubierto</description></symbol></forecast><forecast period='next' date='17/03/2013'><tempMax>1</tempMax><tempMin>-2</tempMin><symbol><icon>04</icon><description>Muy nuboso: entre 5/8 y 7/8 de cielo cubierto</description></symbol></forecast></forecasts></day>
<day month='3' day='16' done='16/03/2013 [08:45:48]'><forecasts><forecast period='today' date='16/03/2013'><tempMax>0</tempMax><tempMin>-12</tempMin><symbol><icon>02</icon><description>Parcialmente nuboso: entre 2/8 y 4/8 de cielo cubierto</description></symbol></forecast><forecast period='tomorrow' date='17/03/2013'><tempMax>2</tempMax><tempMin>-4</tempMin><symbol><icon>03</icon><description>Nuboso: entre 4/8 y 5/8 de cielo cubierto</description></symbol></forecast><forecast period='next' date='18/03/2013'><tempMax>0</tempMax><tempMin>-4</tempMin><symbol><icon>03</icon><description>Nuboso: entre 4/8 y 5/8 de cielo cubierto</description></symbol></forecast></forecasts></day>
<day month='3' day='16' done='16/03/2013 [10:39:18]'><forecasts><forecast period='today' date='16/03/2013'><tempMax>0</tempMax><tempMin>-12</tempMin><symbol><icon>02</icon><description>Parcialmente nuboso: entre 2/8 y 4/8 de cielo cubierto</description></symbol></forecast><forecast period='tomorrow' date='17/03/2013'><tempMax>2</tempMax><tempMin>-4</tempMin><symbol><icon>03</icon><description>Nuboso: entre 4/8 y 5/8 de cielo cubierto</description></symbol></forecast><forecast period='next' date='18/03/2013'><tempMax>0</tempMax><tempMin>-4</tempMin><symbol><icon>03</icon><description>Nuboso: entre 4/8 y 5/8 de cielo cubierto</description></symbol></forecast></forecasts></day>
<day month='3' day='16' done='16/03/2013 [10:58:29]'><forecasts><forecast period='today' date='16/03/2013'><tempMax>0</tempMax><tempMin>-12</tempMin><symbol><icon>02</icon><description>Parcialmente nuboso: entre 2/8 y 4/8 de cielo cubierto</description></symbol></forecast><forecast period='tomorrow' date='17/03/2013'><tempMax>2</tempMax><tempMin>-4</tempMin><symbol><icon>03</icon><description>Nuboso: entre 4/8 y 5/8 de cielo cubierto</description></symbol></forecast><forecast period='next' date='18/03/2013'><tempMax>0</tempMax><tempMin>-4</tempMin><symbol><icon>03</icon><description>Nuboso: entre 4/8 y 5/8 de cielo cubierto</description></symbol></forecast></forecasts></day>
<day month='3' day='16' done='16/03/2013 [18:46:40]'><forecasts><forecast period='today' date='16/03/2013'><tempMax>0</tempMax><tempMin>-12</tempMin><symbol><icon>02</icon><description>Parcialmente nuboso: entre 2/8 y 4/8 de cielo cubierto</description></symbol></forecast><forecast period='tomorrow' date='17/03/2013'><tempMax>2</tempMax><tempMin>-4</tempMin><symbol><icon>03</icon><description>Nuboso: entre 4/8 y 5/8 de cielo cubierto</description></symbol></forecast><forecast period='next' date='18/03/2013'><tempMax>0</tempMax><tempMin>-4</tempMin><symbol><icon>03</icon><description>Nuboso: entre 4/8 y 5/8 de cielo cubierto</description></symbol></forecast></forecasts></day>
<day month='3' day='17' done='17/03/2013 [08:20:35]'><forecasts><forecast period='today' date='17/03/2013'><tempMax>2</tempMax><tempMin>-5</tempMin><symbol><icon>03</icon><description>Nuboso: entre 4/8 y 5/8 de cielo cubierto</description></symbol></forecast><forecast period='tomorrow' date='18/03/2013'><tempMax>-1</tempMax><tempMin>-5</tempMin><symbol><icon>03</icon><description>Nuboso: entre 4/8 y 5/8 de cielo cubierto</description></symbol></forecast><forecast period='next' date='19/03/2013'><tempMax>-3</tempMax><tempMin>-6</tempMin><symbol><icon>04</icon><description>Muy nuboso: entre 5/8 y 7/8 de cielo cubierto</description></symbol></forecast></forecasts></day>
<day month='3' day='17' done='17/03/2013 [10:47:26]'><forecasts><forecast period='today' date='17/03/2013'><tempMax>2</tempMax><tempMin>-5</tempMin><symbol><icon>03</icon><description>Nuboso: entre 4/8 y 5/8 de cielo cubierto</description></symbol></forecast><forecast period='tomorrow' date='18/03/2013'><tempMax>-1</tempMax><tempMin>-5</tempMin><symbol><icon>03</icon><description>Nuboso: entre 4/8 y 5/8 de cielo cubierto</description></symbol></forecast><forecast period='next' date='19/03/2013'><tempMax>-3</tempMax><tempMin>-6</tempMin><symbol><icon>04</icon><description>Muy nuboso: entre 5/8 y 7/8 de cielo cubierto</description></symbol></forecast></forecasts></day>
<day month='3' day='17' done='17/03/2013 [12:34:33]'><forecasts><forecast period='today' date='17/03/2013'><tempMax>2</tempMax><tempMin>-5</tempMin><symbol><icon>03</icon><description>Nuboso: entre 4/8 y 5/8 de cielo cubierto</description></symbol></forecast><forecast period='tomorrow' date='18/03/2013'><tempMax>-1</tempMax><tempMin>-5</tempMin><symbol><icon>03</icon><description>Nuboso: entre 4/8 y 5/8 de cielo cubierto</description></symbol></forecast><forecast period='next' date='19/03/2013'><tempMax>-3</tempMax><tempMin>-6</tempMin><symbol><icon>04</icon><description>Muy nuboso: entre 5/8 y 7/8 de cielo cubierto</description></symbol></forecast></forecasts></day>
<day month='3' day='17' done='17/03/2013 [13:22:19]'><forecasts><forecast period='today' date='17/03/2013'><tempMax>2</tempMax><tempMin>-5</tempMin><symbol><icon>03</icon><description>Nuboso: entre 4/8 y 5/8 de cielo cubierto</description></symbol></forecast><forecast period='tomorrow' date='18/03/2013'><tempMax>-1</tempMax><tempMin>-5</tempMin><symbol><icon>03</icon><description>Nuboso: entre 4/8 y 5/8 de cielo cubierto</description></symbol></forecast><forecast period='next' date='19/03/2013'><tempMax>-3</tempMax><tempMin>-6</tempMin><symbol><icon>04</icon><description>Muy nuboso: entre 5/8 y 7/8 de cielo cubierto</description></symbol></forecast></forecasts></day>
<day month='3' day='17' done='17/03/2013 [18:43:05]'><forecasts><forecast period='today' date='17/03/2013'><tempMax>2</tempMax><tempMin>-5</tempMin><symbol><icon>03</icon><description>Nuboso: entre 4/8 y 5/8 de cielo cubierto</description></symbol></forecast><forecast period='tomorrow' date='18/03/2013'><tempMax>-1</tempMax><tempMin>-5</tempMin><symbol><icon>03</icon><description>Nuboso: entre 4/8 y 5/8 de cielo cubierto</description></symbol></forecast><forecast period='next' date='19/03/2013'><tempMax>-3</tempMax><tempMin>-6</tempMin><symbol><icon>04</icon><description>Muy nuboso: entre 5/8 y 7/8 de cielo cubierto</description></symbol></forecast></forecasts></day>
<day month='3' day='18' done='18/03/2013 [07:13:50]'><forecasts><forecast period='today' date='18/03/2013'><tempMax>-1</tempMax><tempMin>-5</tempMin><symbol><icon>03</icon><description>Nuboso: entre 4/8 y 5/8 de cielo cubierto</description></symbol></forecast><forecast period='tomorrow' date='19/03/2013'><tempMax>-3</tempMax><tempMin>-7</tempMin><symbol><icon>04</icon><description>Muy nuboso: entre 5/8 y 7/8 de cielo cubierto</description></symbol></forecast><forecast period='next' date='20/03/2013'><tempMax>-4</tempMax><tempMin>-5</tempMin><symbol><icon>17</icon><description>Nieve débil: precipitación en forma de nieve, con espesores acumulados inferiores a 10 cm/h</description></symbol></forecast></forecasts></day>
<day month='3' day='18' done='18/03/2013 [09:43:44]'><forecasts><forecast period='today' date='18/03/2013'><tempMax>-1</tempMax><tempMin>-5</tempMin><symbol><icon>03</icon><description>Nuboso: entre 4/8 y 5/8 de cielo cubierto</description></symbol></forecast><forecast period='tomorrow' date='19/03/2013'><tempMax>-3</tempMax><tempMin>-7</tempMin><symbol><icon>04</icon><description>Muy nuboso: entre 5/8 y 7/8 de cielo cubierto</description></symbol></forecast><forecast period='next' date='20/03/2013'><tempMax>-4</tempMax><tempMin>-5</tempMin><symbol><icon>17</icon><description>Nieve débil: precipitación en forma de nieve, con espesores acumulados inferiores a 10 cm/h</description></symbol></forecast></forecasts></day>
<day month='3' day='18' done='18/03/2013 [10:35:56]'><forecasts><forecast period='today' date='18/03/2013'><tempMax>-1</tempMax><tempMin>-5</tempMin><symbol><icon>03</icon><description>Nuboso: entre 4/8 y 5/8 de cielo cubierto</description></symbol></forecast><forecast period='tomorrow' date='19/03/2013'><tempMax>-3</tempMax><tempMin>-7</tempMin><symbol><icon>04</icon><description>Muy nuboso: entre 5/8 y 7/8 de cielo cubierto</description></symbol></forecast><forecast period='next' date='20/03/2013'><tempMax>-4</tempMax><tempMin>-5</tempMin><symbol><icon>17</icon><description>Nieve débil: precipitación en forma de nieve, con espesores acumulados inferiores a 10 cm/h</description></symbol></forecast></forecasts></day>
<day month='3' day='18' done='18/03/2013 [19:30:49]'><forecasts><forecast period='today' date='18/03/2013'><tempMax>-1</tempMax><tempMin>-5</tempMin><symbol><icon>03</icon><description>Nuboso: entre 4/8 y 5/8 de cielo cubierto</description></symbol></forecast><forecast period='tomorrow' date='19/03/2013'><tempMax>-3</tempMax><tempMin>-7</tempMin><symbol><icon>04</icon><description>Muy nuboso: entre 5/8 y 7/8 de cielo cubierto</description></symbol></forecast><forecast period='next' date='20/03/2013'><tempMax>-4</tempMax><tempMin>-5</tempMin><symbol><icon>17</icon><description>Nieve débil: precipitación en forma de nieve, con espesores acumulados inferiores a 10 cm/h</description></symbol></forecast></forecasts></day>
<day month='3' day='19' done='19/03/2013 [07:14:38]'><forecasts><forecast period='today' date='19/03/2013'><tempMax>-3</tempMax><tempMin>-6</tempMin><symbol><icon>04</icon><description>Muy nuboso: entre 5/8 y 7/8 de cielo cubierto</description></symbol></forecast><forecast period='tomorrow' date='20/03/2013'><tempMax>-4</tempMax><tempMin>-5</tempMin><symbol><icon>17</icon><description>Nieve débil: precipitación en forma de nieve, con espesores acumulados inferiores a 10 cm/h</description></symbol></forecast><forecast period='next' date='21/03/2013'><tempMax>-3</tempMax><tempMin>-6</tempMin><symbol><icon>03</icon><description>Nuboso: entre 4/8 y 5/8 de cielo cubierto</description></symbol></forecast></forecasts></day>
<day month='3' day='19' done='19/03/2013 [09:09:10]'><forecasts><forecast period='today' date='19/03/2013'><tempMax>-3</tempMax><tempMin>-6</tempMin><symbol><icon>04</icon><description>Muy nuboso: entre 5/8 y 7/8 de cielo cubierto</description></symbol></forecast><forecast period='tomorrow' date='20/03/2013'><tempMax>-4</tempMax><tempMin>-5</tempMin><symbol><icon>17</icon><description>Nieve débil: precipitación en forma de nieve, con espesores acumulados inferiores a 10 cm/h</description></symbol></forecast><forecast period='next' date='21/03/2013'><tempMax>-3</tempMax><tempMin>-6</tempMin><symbol><icon>03</icon><description>Nuboso: entre 4/8 y 5/8 de cielo cubierto</description></symbol></forecast></forecasts></day>
<day month='3' day='19' done='19/03/2013 [09:34:12]'><forecasts><forecast period='today' date='19/03/2013'><tempMax>-3</tempMax><tempMin>-6</tempMin><symbol><icon>04</icon><description>Muy nuboso: entre 5/8 y 7/8 de cielo cubierto</description></symbol></forecast><forecast period='tomorrow' date='20/03/2013'><tempMax>-4</tempMax><tempMin>-5</tempMin><symbol><icon>17</icon><description>Nieve débil: precipitación en forma de nieve, con espesores acumulados inferiores a 10 cm/h</description></symbol></forecast><forecast period='next' date='21/03/2013'><tempMax>-3</tempMax><tempMin>-6</tempMin><symbol><icon>03</icon><description>Nuboso: entre 4/8 y 5/8 de cielo cubierto</description></symbol></forecast></forecasts></day>
<day month='3' day='19' done='19/03/2013 [19:57:11]'><forecasts><forecast period='today' date='19/03/2013'><tempMax>-3</tempMax><tempMin>-6</tempMin><symbol><icon>04</icon><description>Muy nuboso: entre 5/8 y 7/8 de cielo cubierto</description></symbol></forecast><forecast period='tomorrow' date='20/03/2013'><tempMax>-4</tempMax><tempMin>-5</tempMin><symbol><icon>17</icon><description>Nieve débil: precipitación en forma de nieve, con espesores acumulados inferiores a 10 cm/h</description></symbol></forecast><forecast period='next' date='21/03/2013'><tempMax>-3</tempMax><tempMin>-6</tempMin><symbol><icon>03</icon><description>Nuboso: entre 4/8 y 5/8 de cielo cubierto</description></symbol></forecast></forecasts></day>
<day month='3' day='20' done='20/03/2013 [07:06:15]'><forecasts><forecast period='today' date='20/03/2013'><tempMax>-4</tempMax><tempMin>-5</tempMin><symbol><icon>17</icon><description>Nieve débil: precipitación en forma de nieve, con espesores acumulados inferiores a 10 cm/h</description></symbol></forecast><forecast period='tomorrow' date='21/03/2013'><tempMax>-3</tempMax><tempMin>-7</tempMin><symbol><icon>03</icon><description>Nuboso: entre 4/8 y 5/8 de cielo cubierto</description></symbol></forecast><forecast period='next' date='22/03/2013'><tempMax>-3</tempMax><tempMin>-9</tempMin><symbol><icon>03</icon><description>Nuboso: entre 4/8 y 5/8 de cielo cubierto</description></symbol></forecast></forecasts></day>
<day month='3' day='20' done='20/03/2013 [09:41:46]'><forecasts><forecast period='today' date='20/03/2013'><tempMax>-4</tempMax><tempMin>-5</tempMin><symbol><icon>17</icon><description>Nieve débil: precipitación en forma de nieve, con espesores acumulados inferiores a 10 cm/h</description></symbol></forecast><forecast period='tomorrow' date='21/03/2013'><tempMax>-3</tempMax><tempMin>-7</tempMin><symbol><icon>03</icon><description>Nuboso: entre 4/8 y 5/8 de cielo cubierto</description></symbol></forecast><forecast period='next' date='22/03/2013'><tempMax>-3</tempMax><tempMin>-9</tempMin><symbol><icon>03</icon><description>Nuboso: entre 4/8 y 5/8 de cielo cubierto</description></symbol></forecast></forecasts></day>
<day month='3' day='20' done='20/03/2013 [20:06:36]'><forecasts><forecast period='today' date='20/03/2013'><tempMax>-4</tempMax><tempMin>-5</tempMin><symbol><icon>17</icon><description>Nieve débil: precipitación en forma de nieve, con espesores acumulados inferiores a 10 cm/h</description></symbol></forecast><forecast period='tomorrow' date='21/03/2013'><tempMax>-3</tempMax><tempMin>-7</tempMin><symbol><icon>03</icon><description>Nuboso: entre 4/8 y 5/8 de cielo cubierto</description></symbol></forecast><forecast period='next' date='22/03/2013'><tempMax>-3</tempMax><tempMin>-9</tempMin><symbol><icon>03</icon><description>Nuboso: entre 4/8 y 5/8 de cielo cubierto</description></symbol></forecast></forecasts></day>
<day month='3' day='21' done='21/03/2013 [07:15:15]'><forecasts><forecast period='today' date='21/03/2013'><tempMax>-2</tempMax><tempMin>-7</tempMin><symbol><icon>03</icon><description>Nuboso: entre 4/8 y 5/8 de cielo cubierto</description></symbol></forecast><forecast period='tomorrow' date='22/03/2013'><tempMax>-4</tempMax><tempMin>-8</tempMin><symbol><icon>03</icon><description>Nuboso: entre 4/8 y 5/8 de cielo cubierto</description></symbol></forecast><forecast period='next' date='23/03/2013'><tempMax>0</tempMax><tempMin>-11</tempMin><symbol><icon>03</icon><description>Nuboso: entre 4/8 y 5/8 de cielo cubierto</description></symbol></forecast></forecasts></day>
<day month='3' day='21' done='21/03/2013 [08:54:40]'><forecasts><forecast period='today' date='21/03/2013'><tempMax>-2</tempMax><tempMin>-7</tempMin><symbol><icon>03</icon><description>Nuboso: entre 4/8 y 5/8 de cielo cubierto</description></symbol></forecast><forecast period='tomorrow' date='22/03/2013'><tempMax>-4</tempMax><tempMin>-8</tempMin><symbol><icon>03</icon><description>Nuboso: entre 4/8 y 5/8 de cielo cubierto</description></symbol></forecast><forecast period='next' date='23/03/2013'><tempMax>0</tempMax><tempMin>-11</tempMin><symbol><icon>03</icon><description>Nuboso: entre 4/8 y 5/8 de cielo cubierto</description></symbol></forecast></forecasts></day>
<day month='3' day='21' done='21/03/2013 [09:49:38]'><forecasts><forecast period='today' date='21/03/2013'><tempMax>-2</tempMax><tempMin>-7</tempMin><symbol><icon>03</icon><description>Nuboso: entre 4/8 y 5/8 de cielo cubierto</description></symbol></forecast><forecast period='tomorrow' date='22/03/2013'><tempMax>-4</tempMax><tempMin>-8</tempMin><symbol><icon>03</icon><description>Nuboso: entre 4/8 y 5/8 de cielo cubierto</description></symbol></forecast><forecast period='next' date='23/03/2013'><tempMax>0</tempMax><tempMin>-11</tempMin><symbol><icon>03</icon><description>Nuboso: entre 4/8 y 5/8 de cielo cubierto</description></symbol></forecast></forecasts></day>
<day month='3' day='21' done='21/03/2013 [20:05:50]'><forecasts><forecast period='today' date='21/03/2013'><tempMax>-2</tempMax><tempMin>-7</tempMin><symbol><icon>03</icon><description>Nuboso: entre 4/8 y 5/8 de cielo cubierto</description></symbol></forecast><forecast period='tomorrow' date='22/03/2013'><tempMax>-4</tempMax><tempMin>-8</tempMin><symbol><icon>03</icon><description>Nuboso: entre 4/8 y 5/8 de cielo cubierto</description></symbol></forecast><forecast period='next' date='23/03/2013'><tempMax>0</tempMax><tempMin>-11</tempMin><symbol><icon>03</icon><description>Nuboso: entre 4/8 y 5/8 de cielo cubierto</description></symbol></forecast></forecasts></day>
<day month='3' day='22' done='22/03/2013 [08:36:39]'><forecasts><forecast period='today' date='22/03/2013'><tempMax>-4</tempMax><tempMin>-8</tempMin><symbol><icon>03</icon><description>Nuboso: entre 4/8 y 5/8 de cielo cubierto</description></symbol></forecast><forecast period='tomorrow' date='23/03/2013'><tempMax>-2</tempMax><tempMin>-10</tempMin><symbol><icon>03</icon><description>Nuboso: entre 4/8 y 5/8 de cielo cubierto</description></symbol></forecast><forecast period='next' date='24/03/2013'><tempMax>0</tempMax><tempMin>-6</tempMin><symbol><icon>03</icon><description>Nuboso: entre 4/8 y 5/8 de cielo cubierto</description></symbol></forecast></forecasts></day>
<day month='3' day='22' done='22/03/2013 [10:10:10]'><forecasts><forecast period='today' date='22/03/2013'><tempMax>-4</tempMax><tempMin>-8</tempMin><symbol><icon>03</icon><description>Nuboso: entre 4/8 y 5/8 de cielo cubierto</description></symbol></forecast><forecast period='tomorrow' date='23/03/2013'><tempMax>-2</tempMax><tempMin>-10</tempMin><symbol><icon>03</icon><description>Nuboso: entre 4/8 y 5/8 de cielo cubierto</description></symbol></forecast><forecast period='next' date='24/03/2013'><tempMax>0</tempMax><tempMin>-6</tempMin><symbol><icon>03</icon><description>Nuboso: entre 4/8 y 5/8 de cielo cubierto</description></symbol></forecast></forecasts></day>
<day month='3' day='22' done='22/03/2013 [10:54:07]'><forecasts><forecast period='today' date='22/03/2013'><tempMax>-4</tempMax><tempMin>-8</tempMin><symbol><icon>03</icon><description>Nuboso: entre 4/8 y 5/8 de cielo cubierto</description></symbol></forecast><forecast period='tomorrow' date='23/03/2013'><tempMax>-2</tempMax><tempMin>-10</tempMin><symbol><icon>03</icon><description>Nuboso: entre 4/8 y 5/8 de cielo cubierto</description></symbol></forecast><forecast period='next' date='24/03/2013'><tempMax>0</tempMax><tempMin>-6</tempMin><symbol><icon>03</icon><description>Nuboso: entre 4/8 y 5/8 de cielo cubierto</description></symbol></forecast></forecasts></day>
<day month='3' day='22' done='22/03/2013 [19:25:39]'><forecasts><forecast period='today' date='22/03/2013'><tempMax>-4</tempMax><tempMin>-8</tempMin><symbol><icon>03</icon><description>Nuboso: entre 4/8 y 5/8 de cielo cubierto</description></symbol></forecast><forecast period='tomorrow' date='23/03/2013'><tempMax>-2</tempMax><tempMin>-10</tempMin><symbol><icon>03</icon><description>Nuboso: entre 4/8 y 5/8 de cielo cubierto</description></symbol></forecast><forecast period='next' date='24/03/2013'><tempMax>0</tempMax><tempMin>-6</tempMin><symbol><icon>03</icon><description>Nuboso: entre 4/8 y 5/8 de cielo cubierto</description></symbol></forecast></forecasts></day>
<day month='3' day='23' done='23/03/2013 [07:20:48]'><forecasts><forecast period='today' date='23/03/2013'><tempMax>-1</tempMax><tempMin>-12</tempMin><symbol><icon>03</icon><description>Nuboso: entre 4/8 y 5/8 de cielo cubierto</description></symbol></forecast><forecast period='tomorrow' date='24/03/2013'><tempMax>0</tempMax><tempMin>-6</tempMin><symbol><icon>03</icon><description>Nuboso: entre 4/8 y 5/8 de cielo cubierto</description></symbol></forecast><forecast period='next' date='25/03/2013'><tempMax>1</tempMax><tempMin>-8</tempMin><symbol><icon>01</icon><description>Poco nuboso: entre 1/8 y 2/8 de cielo cubierto</description></symbol></forecast></forecasts></day>
<day month='3' day='23' done='23/03/2013 [09:19:10]'><forecasts><forecast period='today' date='23/03/2013'><tempMax>-1</tempMax><tempMin>-12</tempMin><symbol><icon>03</icon><description>Nuboso: entre 4/8 y 5/8 de cielo cubierto</description></symbol></forecast><forecast period='tomorrow' date='24/03/2013'><tempMax>0</tempMax><tempMin>-6</tempMin><symbol><icon>03</icon><description>Nuboso: entre 4/8 y 5/8 de cielo cubierto</description></symbol></forecast><forecast period='next' date='25/03/2013'><tempMax>1</tempMax><tempMin>-8</tempMin><symbol><icon>01</icon><description>Poco nuboso: entre 1/8 y 2/8 de cielo cubierto</description></symbol></forecast></forecasts></day>
<day month='3' day='23' done='23/03/2013 [10:04:28]'><forecasts><forecast period='today' date='23/03/2013'><tempMax>-1</tempMax><tempMin>-12</tempMin><symbol><icon>03</icon><description>Nuboso: entre 4/8 y 5/8 de cielo cubierto</description></symbol></forecast><forecast period='tomorrow' date='24/03/2013'><tempMax>0</tempMax><tempMin>-6</tempMin><symbol><icon>03</icon><description>Nuboso: entre 4/8 y 5/8 de cielo cubierto</description></symbol></forecast><forecast period='next' date='25/03/2013'><tempMax>1</tempMax><tempMin>-8</tempMin><symbol><icon>01</icon><description>Poco nuboso: entre 1/8 y 2/8 de cielo cubierto</description></symbol></forecast></forecasts></day>
<day month='3' day='23' done='23/03/2013 [19:00:23]'><forecasts><forecast period='today' date='23/03/2013'><tempMax>-1</tempMax><tempMin>-12</tempMin><symbol><icon>03</icon><description>Nuboso: entre 4/8 y 5/8 de cielo cubierto</description></symbol></forecast><forecast period='tomorrow' date='24/03/2013'><tempMax>0</tempMax><tempMin>-6</tempMin><symbol><icon>03</icon><description>Nuboso: entre 4/8 y 5/8 de cielo cubierto</description></symbol></forecast><forecast period='next' date='25/03/2013'><tempMax>1</tempMax><tempMin>-8</tempMin><symbol><icon>01</icon><description>Poco nuboso: entre 1/8 y 2/8 de cielo cubierto</description></symbol></forecast></forecasts></day>
<day month='3' day='24' done='24/03/2013 [08:37:10]'><forecasts><forecast period='today' date='24/03/2013'><tempMax>1</tempMax><tempMin>-8</tempMin><symbol><icon>01</icon><description>Poco nuboso: entre 1/8 y 2/8 de cielo cubierto</description></symbol></forecast><forecast period='tomorrow' date='25/03/2013'><tempMax>1</tempMax><tempMin>-9</tempMin><symbol><icon>01</icon><description>Poco nuboso: entre 1/8 y 2/8 de cielo cubierto</description></symbol></forecast><forecast period='next' date='26/03/2013'><tempMax>2</tempMax><tempMin>-6</tempMin><symbol><icon>01</icon><description>Poco nuboso: entre 1/8 y 2/8 de cielo cubierto</description></symbol></forecast></forecasts></day>
<day month='3' day='24' done='24/03/2013 [11:04:33]'><forecasts><forecast period='today' date='24/03/2013'><tempMax>1</tempMax><tempMin>-8</tempMin><symbol><icon>01</icon><description>Poco nuboso: entre 1/8 y 2/8 de cielo cubierto</description></symbol></forecast><forecast period='tomorrow' date='25/03/2013'><tempMax>1</tempMax><tempMin>-9</tempMin><symbol><icon>01</icon><description>Poco nuboso: entre 1/8 y 2/8 de cielo cubierto</description></symbol></forecast><forecast period='next' date='26/03/2013'><tempMax>2</tempMax><tempMin>-6</tempMin><symbol><icon>01</icon><description>Poco nuboso: entre 1/8 y 2/8 de cielo cubierto</description></symbol></forecast></forecasts></day>
<day month='3' day='24' done='24/03/2013 [19:09:57]'><forecasts><forecast period='today' date='24/03/2013'><tempMax>1</tempMax><tempMin>-8</tempMin><symbol><icon>01</icon><description>Poco nuboso: entre 1/8 y 2/8 de cielo cubierto</description></symbol></forecast><forecast period='tomorrow' date='25/03/2013'><tempMax>1</tempMax><tempMin>-9</tempMin><symbol><icon>01</icon><description>Poco nuboso: entre 1/8 y 2/8 de cielo cubierto</description></symbol></forecast><forecast period='next' date='26/03/2013'><tempMax>2</tempMax><tempMin>-6</tempMin><symbol><icon>01</icon><description>Poco nuboso: entre 1/8 y 2/8 de cielo cubierto</description></symbol></forecast></forecasts></day>
<day month='3' day='24' done='24/03/2013 [19:30:19]'><forecasts><forecast period='today' date='24/03/2013'><tempMax>1</tempMax><tempMin>-8</tempMin><symbol><icon>01</icon><description>Poco nuboso: entre 1/8 y 2/8 de cielo cubierto</description></symbol></forecast><forecast period='tomorrow' date='25/03/2013'><tempMax>1</tempMax><tempMin>-9</tempMin><symbol><icon>01</icon><description>Poco nuboso: entre 1/8 y 2/8 de cielo cubierto</description></symbol></forecast><forecast period='next' date='26/03/2013'><tempMax>2</tempMax><tempMin>-6</tempMin><symbol><icon>01</icon><description>Poco nuboso: entre 1/8 y 2/8 de cielo cubierto</description></symbol></forecast></forecasts></day>
<day month='3' day='25' done='25/03/2013 [07:39:19]'><forecasts><forecast period='today' date='25/03/2013'><tempMax>1</tempMax><tempMin>-10</tempMin><symbol><icon>01</icon><description>Poco nuboso: entre 1/8 y 2/8 de cielo cubierto</description></symbol></forecast><forecast period='tomorrow' date='26/03/2013'><tempMax>1</tempMax><tempMin>-8</tempMin><symbol><icon>01</icon><description>Poco nuboso: entre 1/8 y 2/8 de cielo cubierto</description></symbol></forecast><forecast period='next' date='27/03/2013'><tempMax>2</tempMax><tempMin>-7</tempMin><symbol><icon>01</icon><description>Poco nuboso: entre 1/8 y 2/8 de cielo cubierto</description></symbol></forecast></forecasts></day>
<day month='3' day='25' done='25/03/2013 [10:04:44]'><forecasts><forecast period='today' date='25/03/2013'><tempMax>1</tempMax><tempMin>-10</tempMin><symbol><icon>01</icon><description>Poco nuboso: entre 1/8 y 2/8 de cielo cubierto</description></symbol></forecast><forecast period='tomorrow' date='26/03/2013'><tempMax>1</tempMax><tempMin>-8</tempMin><symbol><icon>01</icon><description>Poco nuboso: entre 1/8 y 2/8 de cielo cubierto</description></symbol></forecast><forecast period='next' date='27/03/2013'><tempMax>2</tempMax><tempMin>-7</tempMin><symbol><icon>01</icon><description>Poco nuboso: entre 1/8 y 2/8 de cielo cubierto</description></symbol></forecast></forecasts></day>
<day month='3' day='25' done='25/03/2013 [18:57:21]'><forecasts><forecast period='today' date='25/03/2013'><tempMax>1</tempMax><tempMin>-10</tempMin><symbol><icon>01</icon><description>Poco nuboso: entre 1/8 y 2/8 de cielo cubierto</description></symbol></forecast><forecast period='tomorrow' date='26/03/2013'><tempMax>1</tempMax><tempMin>-8</tempMin><symbol><icon>01</icon><description>Poco nuboso: entre 1/8 y 2/8 de cielo cubierto</description></symbol></forecast><forecast period='next' date='27/03/2013'><tempMax>2</tempMax><tempMin>-7</tempMin><symbol><icon>01</icon><description>Poco nuboso: entre 1/8 y 2/8 de cielo cubierto</description></symbol></forecast></forecasts></day>
<day month='3' day='26' done='26/03/2013 [07:18:12]'><forecasts><forecast period='today' date='26/03/2013'><tempMax>1</tempMax><tempMin>-8</tempMin><symbol><icon>02</icon><description>Parcialmente nuboso: entre 2/8 y 4/8 de cielo cubierto</description></symbol></forecast><forecast period='tomorrow' date='27/03/2013'><tempMax>2</tempMax><tempMin>-7</tempMin><symbol><icon>01</icon><description>Poco nuboso: entre 1/8 y 2/8 de cielo cubierto</description></symbol></forecast><forecast period='next' date='28/03/2013'><tempMax>2</tempMax><tempMin>-6</tempMin><symbol><icon>01</icon><description>Poco nuboso: entre 1/8 y 2/8 de cielo cubierto</description></symbol></forecast></forecasts></day>
<day month='3' day='26' done='26/03/2013 [10:42:10]'><forecasts><forecast period='today' date='26/03/2013'><tempMax>1</tempMax><tempMin>-8</tempMin><symbol><icon>02</icon><description>Parcialmente nuboso: entre 2/8 y 4/8 de cielo cubierto</description></symbol></forecast><forecast period='tomorrow' date='27/03/2013'><tempMax>2</tempMax><tempMin>-7</tempMin><symbol><icon>01</icon><description>Poco nuboso: entre 1/8 y 2/8 de cielo cubierto</description></symbol></forecast><forecast period='next' date='28/03/2013'><tempMax>2</tempMax><tempMin>-6</tempMin><symbol><icon>01</icon><description>Poco nuboso: entre 1/8 y 2/8 de cielo cubierto</description></symbol></forecast></forecasts></day>
<day month='3' day='26' done='26/03/2013 [12:38:41]'><forecasts><forecast period='today' date='26/03/2013'><tempMax>1</tempMax><tempMin>-8</tempMin><symbol><icon>02</icon><description>Parcialmente nuboso: entre 2/8 y 4/8 de cielo cubierto</description></symbol></forecast><forecast period='tomorrow' date='27/03/2013'><tempMax>2</tempMax><tempMin>-7</tempMin><symbol><icon>01</icon><description>Poco nuboso: entre 1/8 y 2/8 de cielo cubierto</description></symbol></forecast><forecast period='next' date='28/03/2013'><tempMax>2</tempMax><tempMin>-6</tempMin><symbol><icon>01</icon><description>Poco nuboso: entre 1/8 y 2/8 de cielo cubierto</description></symbol></forecast></forecasts></day>
<day month='3' day='26' done='26/03/2013 [19:15:46]'><forecasts><forecast period='today' date='26/03/2013'><tempMax>1</tempMax><tempMin>-8</tempMin><symbol><icon>02</icon><description>Parcialmente nuboso: entre 2/8 y 4/8 de cielo cubierto</description></symbol></forecast><forecast period='tomorrow' date='27/03/2013'><tempMax>2</tempMax><tempMin>-7</tempMin><symbol><icon>01</icon><description>Poco nuboso: entre 1/8 y 2/8 de cielo cubierto</description></symbol></forecast><forecast period='next' date='28/03/2013'><tempMax>2</tempMax><tempMin>-6</tempMin><symbol><icon>01</icon><description>Poco nuboso: entre 1/8 y 2/8 de cielo cubierto</description></symbol></forecast></forecasts></day>
<day month='3' day='27' done='27/03/2013 [07:23:17]'><forecasts><forecast period='today' date='27/03/2013'><tempMax>3</tempMax><tempMin>-7</tempMin><symbol><icon>02</icon><description>Parcialmente nuboso: entre 2/8 y 4/8 de cielo cubierto</description></symbol></forecast><forecast period='tomorrow' date='28/03/2013'><tempMax>3</tempMax><tempMin>-6</tempMin><symbol><icon>01</icon><description>Poco nuboso: entre 1/8 y 2/8 de cielo cubierto</description></symbol></forecast><forecast period='next' date='29/03/2013'><tempMax>2</tempMax><tempMin>-5</tempMin><symbol><icon>03</icon><description>Nuboso: entre 4/8 y 5/8 de cielo cubierto</description></symbol></forecast></forecasts></day>
<day month='3' day='27' done='27/03/2013 [09:34:12]'><forecasts><forecast period='today' date='27/03/2013'><tempMax>3</tempMax><tempMin>-7</tempMin><symbol><icon>02</icon><description>Parcialmente nuboso: entre 2/8 y 4/8 de cielo cubierto</description></symbol></forecast><forecast period='tomorrow' date='28/03/2013'><tempMax>3</tempMax><tempMin>-6</tempMin><symbol><icon>01</icon><description>Poco nuboso: entre 1/8 y 2/8 de cielo cubierto</description></symbol></forecast><forecast period='next' date='29/03/2013'><tempMax>2</tempMax><tempMin>-5</tempMin><symbol><icon>03</icon><description>Nuboso: entre 4/8 y 5/8 de cielo cubierto</description></symbol></forecast></forecasts></day>
<day month='3' day='27' done='27/03/2013 [18:32:46]'><forecasts><forecast period='today' date='27/03/2013'><tempMax>3</tempMax><tempMin>-7</tempMin><symbol><icon>02</icon><description>Parcialmente nuboso: entre 2/8 y 4/8 de cielo cubierto</description></symbol></forecast><forecast period='tomorrow' date='28/03/2013'><tempMax>3</tempMax><tempMin>-6</tempMin><symbol><icon>01</icon><description>Poco nuboso: entre 1/8 y 2/8 de cielo cubierto</description></symbol></forecast><forecast period='next' date='29/03/2013'><tempMax>2</tempMax><tempMin>-5</tempMin><symbol><icon>03</icon><description>Nuboso: entre 4/8 y 5/8 de cielo cubierto</description></symbol></forecast></forecasts></day>
<day month='3' day='28' done='28/03/2013 [09:37:20]'><forecasts><forecast period='today' date='28/03/2013'><tempMax>1</tempMax><tempMin>-5</tempMin><symbol><icon>01</icon><description>Poco nuboso: entre 1/8 y 2/8 de cielo cubierto</description></symbol></forecast><forecast period='tomorrow' date='29/03/2013'><tempMax>1</tempMax><tempMin>-4</tempMin><symbol><icon>03</icon><description>Nuboso: entre 4/8 y 5/8 de cielo cubierto</description></symbol></forecast><forecast period='next' date='30/03/2013'><tempMax>1</tempMax><tempMin>-4</tempMin><symbol><icon>04</icon><description>Muy nuboso: entre 5/8 y 7/8 de cielo cubierto</description></symbol></forecast></forecasts></day>
<day month='3' day='28' done='28/03/2013 [10:00:17]'><forecasts><forecast period='today' date='28/03/2013'><tempMax>1</tempMax><tempMin>-5</tempMin><symbol><icon>01</icon><description>Poco nuboso: entre 1/8 y 2/8 de cielo cubierto</description></symbol></forecast><forecast period='tomorrow' date='29/03/2013'><tempMax>1</tempMax><tempMin>-4</tempMin><symbol><icon>03</icon><description>Nuboso: entre 4/8 y 5/8 de cielo cubierto</description></symbol></forecast><forecast period='next' date='30/03/2013'><tempMax>1</tempMax><tempMin>-4</tempMin><symbol><icon>04</icon><description>Muy nuboso: entre 5/8 y 7/8 de cielo cubierto</description></symbol></forecast></forecasts></day>
<day month='3' day='28' done='28/03/2013 [10:47:57]'><forecasts><forecast period='today' date='28/03/2013'><tempMax>1</tempMax><tempMin>-5</tempMin><symbol><icon>01</icon><description>Poco nuboso: entre 1/8 y 2/8 de cielo cubierto</description></symbol></forecast><forecast period='tomorrow' date='29/03/2013'><tempMax>1</tempMax><tempMin>-4</tempMin><symbol><icon>03</icon><description>Nuboso: entre 4/8 y 5/8 de cielo cubierto</description></symbol></forecast><forecast period='next' date='30/03/2013'><tempMax>1</tempMax><tempMin>-4</tempMin><symbol><icon>04</icon><description>Muy nuboso: entre 5/8 y 7/8 de cielo cubierto</description></symbol></forecast></forecasts></day>
<day month='3' day='28' done='28/03/2013 [12:41:00]'><forecasts><forecast period='today' date='28/03/2013'><tempMax>1</tempMax><tempMin>-5</tempMin><symbol><icon>01</icon><description>Poco nuboso: entre 1/8 y 2/8 de cielo cubierto</description></symbol></forecast><forecast period='tomorrow' date='29/03/2013'><tempMax>1</tempMax><tempMin>-4</tempMin><symbol><icon>03</icon><description>Nuboso: entre 4/8 y 5/8 de cielo cubierto</description></symbol></forecast><forecast period='next' date='30/03/2013'><tempMax>1</tempMax><tempMin>-4</tempMin><symbol><icon>04</icon><description>Muy nuboso: entre 5/8 y 7/8 de cielo cubierto</description></symbol></forecast></forecasts></day>
<day month='3' day='28' done='28/03/2013 [18:32:39]'><forecasts><forecast period='today' date='28/03/2013'><tempMax>1</tempMax><tempMin>-5</tempMin><symbol><icon>01</icon><description>Poco nuboso: entre 1/8 y 2/8 de cielo cubierto</description></symbol></forecast><forecast period='tomorrow' date='29/03/2013'><tempMax>1</tempMax><tempMin>-4</tempMin><symbol><icon>03</icon><description>Nuboso: entre 4/8 y 5/8 de cielo cubierto</description></symbol></forecast><forecast period='next' date='30/03/2013'><tempMax>1</tempMax><tempMin>-4</tempMin><symbol><icon>04</icon><description>Muy nuboso: entre 5/8 y 7/8 de cielo cubierto</description></symbol></forecast></forecasts></day>
<day month='3' day='29' done='29/03/2013 [06:55:46]'><forecasts><forecast period='today' date='29/03/2013'><tempMax>1</tempMax><tempMin>-5</tempMin><symbol><icon>04</icon><description>Muy nuboso: entre 5/8 y 7/8 de cielo cubierto</description></symbol></forecast><forecast period='tomorrow' date='30/03/2013'><tempMax>1</tempMax><tempMin>-4</tempMin><symbol><icon>04</icon><description>Muy nuboso: entre 5/8 y 7/8 de cielo cubierto</description></symbol></forecast><forecast period='next' date='31/03/2013'><tempMax>1</tempMax><tempMin>-4</tempMin><symbol><icon>02</icon><description>Parcialmente nuboso: entre 2/8 y 4/8 de cielo cubierto</description></symbol></forecast></forecasts></day>
<day month='3' day='29' done='29/03/2013 [09:34:03]'><forecasts><forecast period='today' date='29/03/2013'><tempMax>1</tempMax><tempMin>-5</tempMin><symbol><icon>04</icon><description>Muy nuboso: entre 5/8 y 7/8 de cielo cubierto</description></symbol></forecast><forecast period='tomorrow' date='30/03/2013'><tempMax>1</tempMax><tempMin>-4</tempMin><symbol><icon>04</icon><description>Muy nuboso: entre 5/8 y 7/8 de cielo cubierto</description></symbol></forecast><forecast period='next' date='31/03/2013'><tempMax>1</tempMax><tempMin>-4</tempMin><symbol><icon>02</icon><description>Parcialmente nuboso: entre 2/8 y 4/8 de cielo cubierto</description></symbol></forecast></forecasts></day>
<day month='3' day='29' done='29/03/2013 [18:25:21]'><forecasts><forecast period='today' date='29/03/2013'><tempMax>1</tempMax><tempMin>-5</tempMin><symbol><icon>04</icon><description>Muy nuboso: entre 5/8 y 7/8 de cielo cubierto</description></symbol></forecast><forecast period='tomorrow' date='30/03/2013'><tempMax>1</tempMax><tempMin>-4</tempMin><symbol><icon>04</icon><description>Muy nuboso: entre 5/8 y 7/8 de cielo cubierto</description></symbol></forecast><forecast period='next' date='31/03/2013'><tempMax>1</tempMax><tempMin>-4</tempMin><symbol><icon>02</icon><description>Parcialmente nuboso: entre 2/8 y 4/8 de cielo cubierto</description></symbol></forecast></forecasts></day>
<day month='3' day='30' done='30/03/2013 [06:54:23]'><forecasts><forecast period='today' date='30/03/2013'><tempMax>1</tempMax><tempMin>-2</tempMin><symbol><icon>03</icon><description>Nuboso: entre 4/8 y 5/8 de cielo cubierto</description></symbol></forecast><forecast period='tomorrow' date='31/03/2013'><tempMax>2</tempMax><tempMin>-4</tempMin><symbol><icon>02</icon><description>Parcialmente nuboso: entre 2/8 y 4/8 de cielo cubierto</description></symbol></forecast><forecast period='next' date='01/04/2013'><tempMax>2</tempMax><tempMin>-5</tempMin><symbol><icon>01</icon><description>Poco nuboso: entre 1/8 y 2/8 de cielo cubierto</description></symbol></forecast></forecasts></day>
<day month='3' day='30' done='30/03/2013 [10:10:29]'><forecasts><forecast period='today' date='30/03/2013'><tempMax>1</tempMax><tempMin>-2</tempMin><symbol><icon>03</icon><description>Nuboso: entre 4/8 y 5/8 de cielo cubierto</description></symbol></forecast><forecast period='tomorrow' date='31/03/2013'><tempMax>2</tempMax><tempMin>-4</tempMin><symbol><icon>02</icon><description>Parcialmente nuboso: entre 2/8 y 4/8 de cielo cubierto</description></symbol></forecast><forecast period='next' date='01/04/2013'><tempMax>2</tempMax><tempMin>-5</tempMin><symbol><icon>01</icon><description>Poco nuboso: entre 1/8 y 2/8 de cielo cubierto</description></symbol></forecast></forecasts></day>
<day month='3' day='30' done='30/03/2013 [18:29:04]'><forecasts><forecast period='today' date='30/03/2013'><tempMax>1</tempMax><tempMin>-2</tempMin><symbol><icon>03</icon><description>Nuboso: entre 4/8 y 5/8 de cielo cubierto</description></symbol></forecast><forecast period='tomorrow' date='31/03/2013'><tempMax>2</tempMax><tempMin>-4</tempMin><symbol><icon>02</icon><description>Parcialmente nuboso: entre 2/8 y 4/8 de cielo cubierto</description></symbol></forecast><forecast period='next' date='01/04/2013'><tempMax>2</tempMax><tempMin>-5</tempMin><symbol><icon>01</icon><description>Poco nuboso: entre 1/8 y 2/8 de cielo cubierto</description></symbol></forecast></forecasts></day>
<day month='3' day='31' done='31/03/2013 [06:46:31]'><forecasts><forecast period='today' date='31/03/2013'><tempMax>1</tempMax><tempMin>-6</tempMin><symbol><icon>02</icon><description>Parcialmente nuboso: entre 2/8 y 4/8 de cielo cubierto</description></symbol></forecast><forecast period='tomorrow' date='01/04/2013'><tempMax>1</tempMax><tempMin>-6</tempMin><symbol><icon>00</icon><description>Despejado: cielo sin nubosidad o 1/8 de cielo cubierto</description></symbol></forecast><forecast period='next' date='02/04/2013'><tempMax>3</tempMax><tempMin>-6</tempMin><symbol><icon>00</icon><description>Despejado: cielo sin nubosidad o 1/8 de cielo cubierto</description></symbol></forecast></forecasts></day>
<day month='3' day='31' done='31/03/2013 [09:07:14]'><forecasts><forecast period='today' date='31/03/2013'><tempMax>1</tempMax><tempMin>-6</tempMin><symbol><icon>02</icon><description>Parcialmente nuboso: entre 2/8 y 4/8 de cielo cubierto</description></symbol></forecast><forecast period='tomorrow' date='01/04/2013'><tempMax>1</tempMax><tempMin>-6</tempMin><symbol><icon>00</icon><description>Despejado: cielo sin nubosidad o 1/8 de cielo cubierto</description></symbol></forecast><forecast period='next' date='02/04/2013'><tempMax>3</tempMax><tempMin>-6</tempMin><symbol><icon>00</icon><description>Despejado: cielo sin nubosidad o 1/8 de cielo cubierto</description></symbol></forecast></forecasts></day>
<day month='3' day='31' done='31/03/2013 [09:23:04]'><forecasts><forecast period='today' date='31/03/2013'><tempMax>1</tempMax><tempMin>-6</tempMin><symbol><icon>02</icon><description>Parcialmente nuboso: entre 2/8 y 4/8 de cielo cubierto</description></symbol></forecast><forecast period='tomorrow' date='01/04/2013'><tempMax>1</tempMax><tempMin>-6</tempMin><symbol><icon>00</icon><description>Despejado: cielo sin nubosidad o 1/8 de cielo cubierto</description></symbol></forecast><forecast period='next' date='02/04/2013'><tempMax>3</tempMax><tempMin>-6</tempMin><symbol><icon>00</icon><description>Despejado: cielo sin nubosidad o 1/8 de cielo cubierto</description></symbol></forecast></forecasts></day>
<day month='3' day='31' done='31/03/2013 [18:23:10]'><forecasts><forecast period='today' date='31/03/2013'><tempMax>1</tempMax><tempMin>-6</tempMin><symbol><icon>02</icon><description>Parcialmente nuboso: entre 2/8 y 4/8 de cielo cubierto</description></symbol></forecast><forecast period='tomorrow' date='01/04/2013'><tempMax>1</tempMax><tempMin>-6</tempMin><symbol><icon>00</icon><description>Despejado: cielo sin nubosidad o 1/8 de cielo cubierto</description></symbol></forecast><forecast period='next' date='02/04/2013'><tempMax>3</tempMax><tempMin>-6</tempMin><symbol><icon>00</icon><description>Despejado: cielo sin nubosidad o 1/8 de cielo cubierto</description></symbol></forecast></forecasts></day>
</cityForecast>