<?xml version="1.0" encoding="UTF-8"?><cityForecast cityCode="13" cityName="Berlín" month="2" year="2013" >
<day month='2' day='1' done='01/02/2013 [08:43:08]'><forecasts><forecast period='today' date='01/02/2013'><tempMax>6</tempMax><tempMin>3</tempMin><symbol><icon>12</icon><description>Lluvia débil: precipitación de agua líquida, con cantidades inferiores a 15 mm/h</description></symbol></forecast><forecast period='tomorrow' date='02/02/2013'><tempMax>5</tempMax><tempMin>2</tempMin><symbol><icon>04</icon><description>Muy nuboso: entre 5/8 y 7/8 de cielo cubierto</description></symbol></forecast><forecast period='next' date='03/02/2013'><tempMax>3</tempMax><tempMin>-1</tempMin><symbol><icon>03</icon><description>Nuboso: entre 4/8 y 5/8 de cielo cubierto</description></symbol></forecast></forecasts></day>
<day month='2' day='1' done='01/02/2013 [09:51:32]'><forecasts><forecast period='today' date='01/02/2013'><tempMax>6</tempMax><tempMin>3</tempMin><symbol><icon>12</icon><description>Lluvia débil: precipitación de agua líquida, con cantidades inferiores a 15 mm/h</description></symbol></forecast><forecast period='tomorrow' date='02/02/2013'><tempMax>5</tempMax><tempMin>2</tempMin><symbol><icon>04</icon><description>Muy nuboso: entre 5/8 y 7/8 de cielo cubierto</description></symbol></forecast><forecast period='next' date='03/02/2013'><tempMax>3</tempMax><tempMin>-1</tempMin><symbol><icon>03</icon><description>Nuboso: entre 4/8 y 5/8 de cielo cubierto</description></symbol></forecast></forecasts></day>
<day month='2' day='1' done='01/02/2013 [12:53:21]'><forecasts><forecast period='today' date='01/02/2013'><tempMax>6</tempMax><tempMin>3</tempMin><symbol><icon>12</icon><description>Lluvia débil: precipitación de agua líquida, con cantidades inferiores a 15 mm/h</description></symbol></forecast><forecast period='tomorrow' date='02/02/2013'><tempMax>5</tempMax><tempMin>2</tempMin><symbol><icon>04</icon><description>Muy nuboso: entre 5/8 y 7/8 de cielo cubierto</description></symbol></forecast><forecast period='next' date='03/02/2013'><tempMax>3</tempMax><tempMin>-1</tempMin><symbol><icon>03</icon><description>Nuboso: entre 4/8 y 5/8 de cielo cubierto</description></symbol></forecast></forecasts></day>
<day month='2' day='1' done='01/02/2013 [20:43:56]'><forecasts><forecast period='today' date='01/02/2013'><tempMax>6</tempMax><tempMin>3</tempMin><symbol><icon>12</icon><description>Lluvia débil: precipitación de agua líquida, con cantidades inferiores a 15 mm/h</description></symbol></forecast><forecast period='tomorrow' date='02/02/2013'><tempMax>5</tempMax><tempMin>2</tempMin><symbol><icon>04</icon><description>Muy nuboso: entre 5/8 y 7/8 de cielo cubierto</description></symbol></forecast><forecast period='next' date='03/02/2013'><tempMax>3</tempMax><tempMin>-1</tempMin><symbol><icon>03</icon><description>Nuboso: entre 4/8 y 5/8 de cielo cubierto</description></symbol></forecast></forecasts></day>
<day month='2' day='2' done='02/02/2013 [06:40:08]'><forecasts><forecast period='today' date='02/02/2013'><tempMax>3</tempMax><tempMin>2</tempMin><symbol><icon>12</icon><description>Lluvia débil: precipitación de agua líquida, con cantidades inferiores a 15 mm/h</description></symbol></forecast><forecast period='tomorrow' date='03/02/2013'><tempMax>4</tempMax><tempMin>-3</tempMin><symbol><icon>03</icon><description>Nuboso: entre 4/8 y 5/8 de cielo cubierto</description></symbol></forecast><forecast period='next' date='04/02/2013'><tempMax>5</tempMax><tempMin>2</tempMin><symbol><icon>12</icon><description>Lluvia débil: precipitación de agua líquida, con cantidades inferiores a 15 mm/h</description></symbol></forecast></forecasts></day>
<day month='2' day='2' done='02/02/2013 [09:32:37]'><forecasts><forecast period='today' date='02/02/2013'><tempMax>3</tempMax><tempMin>2</tempMin><symbol><icon>12</icon><description>Lluvia débil: precipitación de agua líquida, con cantidades inferiores a 15 mm/h</description></symbol></forecast><forecast period='tomorrow' date='03/02/2013'><tempMax>4</tempMax><tempMin>-3</tempMin><symbol><icon>03</icon><description>Nuboso: entre 4/8 y 5/8 de cielo cubierto</description></symbol></forecast><forecast period='next' date='04/02/2013'><tempMax>5</tempMax><tempMin>2</tempMin><symbol><icon>12</icon><description>Lluvia débil: precipitación de agua líquida, con cantidades inferiores a 15 mm/h</description></symbol></forecast></forecasts></day>
<day month='2' day='2' done='02/02/2013 [10:16:30]'><forecasts><forecast period='today' date='02/02/2013'><tempMax>3</tempMax><tempMin>2</tempMin><symbol><icon>12</icon><description>Lluvia débil: precipitación de agua líquida, con cantidades inferiores a 15 mm/h</description></symbol></forecast><forecast period='tomorrow' date='03/02/2013'><tempMax>4</tempMax><tempMin>-3</tempMin><symbol><icon>03</icon><description>Nuboso: entre 4/8 y 5/8 de cielo cubierto</description></symbol></forecast><forecast period='next' date='04/02/2013'><tempMax>5</tempMax><tempMin>2</tempMin><symbol><icon>12</icon><description>Lluvia débil: precipitación de agua líquida, con cantidades inferiores a 15 mm/h</description></symbol></forecast></forecasts></day>
<day month='2' day='2' done='02/02/2013 [19:07:14]'><forecasts><forecast period='today' date='02/02/2013'><tempMax>3</tempMax><tempMin>2</tempMin><symbol><icon>12</icon><description>Lluvia débil: precipitación de agua líquida, con cantidades inferiores a 15 mm/h</description></symbol></forecast><forecast period='tomorrow' date='03/02/2013'><tempMax>4</tempMax><tempMin>-3</tempMin><symbol><icon>03</icon><description>Nuboso: entre 4/8 y 5/8 de cielo cubierto</description></symbol></forecast><forecast period='next' date='04/02/2013'><tempMax>5</tempMax><tempMin>2</tempMin><symbol><icon>12</icon><description>Lluvia débil: precipitación de agua líquida, con cantidades inferiores a 15 mm/h</description></symbol></forecast></forecasts></day>
<day month='2' day='3' done='03/02/2013 [06:45:00]'><forecasts><forecast period='today' date='03/02/2013'><tempMax>4</tempMax><tempMin>-2</tempMin><symbol><icon>10</icon><description>Chubascos débiles: precipitación intensa y de corta duración, con cantidades inferiores a 15 mm/h</description></symbol></forecast><forecast period='tomorrow' date='04/02/2013'><tempMax>5</tempMax><tempMin>2</tempMin><symbol><icon>04</icon><description>Muy nuboso: entre 5/8 y 7/8 de cielo cubierto</description></symbol></forecast><forecast period='next' date='05/02/2013'><tempMax>4</tempMax><tempMin>3</tempMin><symbol><icon>10</icon><description>Chubascos débiles: precipitación intensa y de corta duración, con cantidades inferiores a 15 mm/h</description></symbol></forecast></forecasts></day>
<day month='2' day='3' done='03/02/2013 [09:14:21]'><forecasts><forecast period='today' date='03/02/2013'><tempMax>4</tempMax><tempMin>-2</tempMin><symbol><icon>10</icon><description>Chubascos débiles: precipitación intensa y de corta duración, con cantidades inferiores a 15 mm/h</description></symbol></forecast><forecast period='tomorrow' date='04/02/2013'><tempMax>5</tempMax><tempMin>2</tempMin><symbol><icon>04</icon><description>Muy nuboso: entre 5/8 y 7/8 de cielo cubierto</description></symbol></forecast><forecast period='next' date='05/02/2013'><tempMax>4</tempMax><tempMin>3</tempMin><symbol><icon>10</icon><description>Chubascos débiles: precipitación intensa y de corta duración, con cantidades inferiores a 15 mm/h</description></symbol></forecast></forecasts></day>
<day month='2' day='3' done='03/02/2013 [11:13:03]'><forecasts><forecast period='today' date='03/02/2013'><tempMax>4</tempMax><tempMin>-2</tempMin><symbol><icon>10</icon><description>Chubascos débiles: precipitación intensa y de corta duración, con cantidades inferiores a 15 mm/h</description></symbol></forecast><forecast period='tomorrow' date='04/02/2013'><tempMax>5</tempMax><tempMin>2</tempMin><symbol><icon>04</icon><description>Muy nuboso: entre 5/8 y 7/8 de cielo cubierto</description></symbol></forecast><forecast period='next' date='05/02/2013'><tempMax>4</tempMax><tempMin>3</tempMin><symbol><icon>10</icon><description>Chubascos débiles: precipitación intensa y de corta duración, con cantidades inferiores a 15 mm/h</description></symbol></forecast></forecasts></day>
<day month='2' day='3' done='03/02/2013 [19:01:24]'><forecasts><forecast period='today' date='03/02/2013'><tempMax>4</tempMax><tempMin>-2</tempMin><symbol><icon>10</icon><description>Chubascos débiles: precipitación intensa y de corta duración, con cantidades inferiores a 15 mm/h</description></symbol></forecast><forecast period='tomorrow' date='04/02/2013'><tempMax>5</tempMax><tempMin>2</tempMin><symbol><icon>04</icon><description>Muy nuboso: entre 5/8 y 7/8 de cielo cubierto</description></symbol></forecast><forecast period='next' date='05/02/2013'><tempMax>4</tempMax><tempMin>3</tempMin><symbol><icon>10</icon><description>Chubascos débiles: precipitación intensa y de corta duración, con cantidades inferiores a 15 mm/h</description></symbol></forecast></forecasts></day>
<day month='2' day='4' done='04/02/2013 [07:13:25]'><forecasts><forecast period='today' date='04/02/2013'><tempMax>5</tempMax><tempMin>2</tempMin><symbol><icon>12</icon><description>Lluvia débil: precipitación de agua líquida, con cantidades inferiores a 15 mm/h</description></symbol></forecast><forecast period='tomorrow' date='05/02/2013'><tempMax>4</tempMax><tempMin>2</tempMin><symbol><icon>10</icon><description>Chubascos débiles: precipitación intensa y de corta duración, con cantidades inferiores a 15 mm/h</description></symbol></forecast><forecast period='next' date='06/02/2013'><tempMax>3</tempMax><tempMin>-2</tempMin><symbol><icon>03</icon><description>Nuboso: entre 4/8 y 5/8 de cielo cubierto</description></symbol></forecast></forecasts></day>
<day month='2' day='4' done='04/02/2013 [09:18:37]'><forecasts><forecast period='today' date='04/02/2013'><tempMax>5</tempMax><tempMin>2</tempMin><symbol><icon>12</icon><description>Lluvia débil: precipitación de agua líquida, con cantidades inferiores a 15 mm/h</description></symbol></forecast><forecast period='tomorrow' date='05/02/2013'><tempMax>4</tempMax><tempMin>2</tempMin><symbol><icon>10</icon><description>Chubascos débiles: precipitación intensa y de corta duración, con cantidades inferiores a 15 mm/h</description></symbol></forecast><forecast period='next' date='06/02/2013'><tempMax>3</tempMax><tempMin>-2</tempMin><symbol><icon>03</icon><description>Nuboso: entre 4/8 y 5/8 de cielo cubierto</description></symbol></forecast></forecasts></day>
<day month='2' day='4' done='04/02/2013 [12:09:51]'><forecasts><forecast period='today' date='04/02/2013'><tempMax>5</tempMax><tempMin>2</tempMin><symbol><icon>12</icon><description>Lluvia débil: precipitación de agua líquida, con cantidades inferiores a 15 mm/h</description></symbol></forecast><forecast period='tomorrow' date='05/02/2013'><tempMax>4</tempMax><tempMin>2</tempMin><symbol><icon>10</icon><description>Chubascos débiles: precipitación intensa y de corta duración, con cantidades inferiores a 15 mm/h</description></symbol></forecast><forecast period='next' date='06/02/2013'><tempMax>3</tempMax><tempMin>-2</tempMin><symbol><icon>03</icon><description>Nuboso: entre 4/8 y 5/8 de cielo cubierto</description></symbol></forecast></forecasts></day>
<day month='2' day='4' done='04/02/2013 [18:20:47]'><forecasts><forecast period='today' date='04/02/2013'><tempMax>5</tempMax><tempMin>2</tempMin><symbol><icon>12</icon><description>Lluvia débil: precipitación de agua líquida, con cantidades inferiores a 15 mm/h</description></symbol></forecast><forecast period='tomorrow' date='05/02/2013'><tempMax>4</tempMax><tempMin>2</tempMin><symbol><icon>10</icon><description>Chubascos débiles: precipitación intensa y de corta duración, con cantidades inferiores a 15 mm/h</description></symbol></forecast><forecast period='next' date='06/02/2013'><tempMax>3</tempMax><tempMin>-2</tempMin><symbol><icon>03</icon><description>Nuboso: entre 4/8 y 5/8 de cielo cubierto</description></symbol></forecast></forecasts></day>
<day month='2' day='5' done='05/02/2013 [07:08:28]'><forecasts><forecast period='today' date='05/02/2013'><tempMax>5</tempMax><tempMin>2</tempMin><symbol><icon>03</icon><description>Nuboso: entre 4/8 y 5/8 de cielo cubierto</description></symbol></forecast><forecast period='tomorrow' date='06/02/2013'><tempMax>3</tempMax><tempMin>-2</tempMin><symbol><icon>03</icon><description>Nuboso: entre 4/8 y 5/8 de cielo cubierto</description></symbol></forecast><forecast period='next' date='07/02/2013'><tempMax>3</tempMax><tempMin>-1</tempMin><symbol><icon>03</icon><description>Nuboso: entre 4/8 y 5/8 de cielo cubierto</description></symbol></forecast></forecasts></day>
<day month='2' day='5' done='05/02/2013 [08:50:37]'><forecasts><forecast period='today' date='05/02/2013'><tempMax>5</tempMax><tempMin>2</tempMin><symbol><icon>03</icon><description>Nuboso: entre 4/8 y 5/8 de cielo cubierto</description></symbol></forecast><forecast period='tomorrow' date='06/02/2013'><tempMax>3</tempMax><tempMin>-2</tempMin><symbol><icon>03</icon><description>Nuboso: entre 4/8 y 5/8 de cielo cubierto</description></symbol></forecast><forecast period='next' date='07/02/2013'><tempMax>3</tempMax><tempMin>-1</tempMin><symbol><icon>03</icon><description>Nuboso: entre 4/8 y 5/8 de cielo cubierto</description></symbol></forecast></forecasts></day>
<day month='2' day='5' done='05/02/2013 [12:24:47]'><forecasts><forecast period='today' date='05/02/2013'><tempMax>5</tempMax><tempMin>2</tempMin><symbol><icon>03</icon><description>Nuboso: entre 4/8 y 5/8 de cielo cubierto</description></symbol></forecast><forecast period='tomorrow' date='06/02/2013'><tempMax>3</tempMax><tempMin>-2</tempMin><symbol><icon>03</icon><description>Nuboso: entre 4/8 y 5/8 de cielo cubierto</description></symbol></forecast><forecast period='next' date='07/02/2013'><tempMax>3</tempMax><tempMin>-1</tempMin><symbol><icon>03</icon><description>Nuboso: entre 4/8 y 5/8 de cielo cubierto</description></symbol></forecast></forecasts></day>
<day month='2' day='6' done='06/02/2013 [07:02:27]'><forecasts><forecast period='today' date='06/02/2013'><tempMax>4</tempMax><tempMin>-2</tempMin><symbol><icon>02</icon><description>Parcialmente nuboso: entre 2/8 y 4/8 de cielo cubierto</description></symbol></forecast><forecast period='tomorrow' date='07/02/2013'><tempMax>3</tempMax><tempMin>-1</tempMin><symbol><icon>03</icon><description>Nuboso: entre 4/8 y 5/8 de cielo cubierto</description></symbol></forecast><forecast period='next' date='08/02/2013'><tempMax>2</tempMax><tempMin>-1</tempMin><symbol><icon>03</icon><description>Nuboso: entre 4/8 y 5/8 de cielo cubierto</description></symbol></forecast></forecasts></day>
<day month='2' day='6' done='06/02/2013 [09:35:04]'><forecasts><forecast period='today' date='06/02/2013'><tempMax>4</tempMax><tempMin>-2</tempMin><symbol><icon>02</icon><description>Parcialmente nuboso: entre 2/8 y 4/8 de cielo cubierto</description></symbol></forecast><forecast period='tomorrow' date='07/02/2013'><tempMax>3</tempMax><tempMin>-1</tempMin><symbol><icon>03</icon><description>Nuboso: entre 4/8 y 5/8 de cielo cubierto</description></symbol></forecast><forecast period='next' date='08/02/2013'><tempMax>2</tempMax><tempMin>-1</tempMin><symbol><icon>03</icon><description>Nuboso: entre 4/8 y 5/8 de cielo cubierto</description></symbol></forecast></forecasts></day>
<day month='2' day='6' done='06/02/2013 [14:18:17]'><forecasts><forecast period='today' date='06/02/2013'><tempMax>4</tempMax><tempMin>-2</tempMin><symbol><icon>02</icon><description>Parcialmente nuboso: entre 2/8 y 4/8 de cielo cubierto</description></symbol></forecast><forecast period='tomorrow' date='07/02/2013'><tempMax>3</tempMax><tempMin>-1</tempMin><symbol><icon>03</icon><description>Nuboso: entre 4/8 y 5/8 de cielo cubierto</description></symbol></forecast><forecast period='next' date='08/02/2013'><tempMax>2</tempMax><tempMin>-1</tempMin><symbol><icon>03</icon><description>Nuboso: entre 4/8 y 5/8 de cielo cubierto</description></symbol></forecast></forecasts></day>
<day month='2' day='6' done='06/02/2013 [18:49:23]'><forecasts><forecast period='today' date='06/02/2013'><tempMax>4</tempMax><tempMin>-2</tempMin><symbol><icon>02</icon><description>Parcialmente nuboso: entre 2/8 y 4/8 de cielo cubierto</description></symbol></forecast><forecast period='tomorrow' date='07/02/2013'><tempMax>3</tempMax><tempMin>-1</tempMin><symbol><icon>03</icon><description>Nuboso: entre 4/8 y 5/8 de cielo cubierto</description></symbol></forecast><forecast period='next' date='08/02/2013'><tempMax>2</tempMax><tempMin>-1</tempMin><symbol><icon>03</icon><description>Nuboso: entre 4/8 y 5/8 de cielo cubierto</description></symbol></forecast></forecasts></day>
<day month='2' day='7' done='07/02/2013 [07:38:41]'><forecasts><forecast period='today' date='07/02/2013'><tempMax>4</tempMax><tempMin>1</tempMin><symbol><icon>03</icon><description>Nuboso: entre 4/8 y 5/8 de cielo cubierto</description></symbol></forecast><forecast period='tomorrow' date='08/02/2013'><tempMax>2</tempMax><tempMin>-1</tempMin><symbol><icon>17</icon><description>Nieve débil: precipitación en forma de nieve, con espesores acumulados inferiores a 10 cm/h</description></symbol></forecast><forecast period='next' date='09/02/2013'><tempMax>2</tempMax><tempMin>-1</tempMin><symbol><icon>03</icon><description>Nuboso: entre 4/8 y 5/8 de cielo cubierto</description></symbol></forecast></forecasts></day>
<day month='2' day='7' done='07/02/2013 [11:05:00]'><forecasts><forecast period='today' date='07/02/2013'><tempMax>4</tempMax><tempMin>1</tempMin><symbol><icon>03</icon><description>Nuboso: entre 4/8 y 5/8 de cielo cubierto</description></symbol></forecast><forecast period='tomorrow' date='08/02/2013'><tempMax>2</tempMax><tempMin>-1</tempMin><symbol><icon>17</icon><description>Nieve débil: precipitación en forma de nieve, con espesores acumulados inferiores a 10 cm/h</description></symbol></forecast><forecast period='next' date='09/02/2013'><tempMax>2</tempMax><tempMin>-1</tempMin><symbol><icon>03</icon><description>Nuboso: entre 4/8 y 5/8 de cielo cubierto</description></symbol></forecast></forecasts></day>
<day month='2' day='7' done='07/02/2013 [18:58:40]'><forecasts><forecast period='today' date='07/02/2013'><tempMax>4</tempMax><tempMin>1</tempMin><symbol><icon>03</icon><description>Nuboso: entre 4/8 y 5/8 de cielo cubierto</description></symbol></forecast><forecast period='tomorrow' date='08/02/2013'><tempMax>2</tempMax><tempMin>-1</tempMin><symbol><icon>17</icon><description>Nieve débil: precipitación en forma de nieve, con espesores acumulados inferiores a 10 cm/h</description></symbol></forecast><forecast period='next' date='09/02/2013'><tempMax>2</tempMax><tempMin>-1</tempMin><symbol><icon>03</icon><description>Nuboso: entre 4/8 y 5/8 de cielo cubierto</description></symbol></forecast></forecasts></day>
<day month='2' day='8' done='08/02/2013 [07:53:54]'><forecasts><forecast period='today' date='08/02/2013'><tempMax>2</tempMax><tempMin>-1</tempMin><symbol><icon>17</icon><description>Nieve débil: precipitación en forma de nieve, con espesores acumulados inferiores a 10 cm/h</description></symbol></forecast><forecast period='tomorrow' date='09/02/2013'><tempMax>2</tempMax><tempMin>-1</tempMin><symbol><icon>03</icon><description>Nuboso: entre 4/8 y 5/8 de cielo cubierto</description></symbol></forecast><forecast period='next' date='10/02/2013'><tempMax>1</tempMax><tempMin>-3</tempMin><symbol><icon>03</icon><description>Nuboso: entre 4/8 y 5/8 de cielo cubierto</description></symbol></forecast></forecasts></day>
<day month='2' day='8' done='08/02/2013 [09:50:14]'><forecasts><forecast period='today' date='08/02/2013'><tempMax>2</tempMax><tempMin>-1</tempMin><symbol><icon>17</icon><description>Nieve débil: precipitación en forma de nieve, con espesores acumulados inferiores a 10 cm/h</description></symbol></forecast><forecast period='tomorrow' date='09/02/2013'><tempMax>2</tempMax><tempMin>-1</tempMin><symbol><icon>03</icon><description>Nuboso: entre 4/8 y 5/8 de cielo cubierto</description></symbol></forecast><forecast period='next' date='10/02/2013'><tempMax>1</tempMax><tempMin>-3</tempMin><symbol><icon>03</icon><description>Nuboso: entre 4/8 y 5/8 de cielo cubierto</description></symbol></forecast></forecasts></day>
<day month='2' day='8' done='08/02/2013 [13:27:41]'><forecasts><forecast period='today' date='08/02/2013'><tempMax>2</tempMax><tempMin>-1</tempMin><symbol><icon>17</icon><description>Nieve débil: precipitación en forma de nieve, con espesores acumulados inferiores a 10 cm/h</description></symbol></forecast><forecast period='tomorrow' date='09/02/2013'><tempMax>2</tempMax><tempMin>-1</tempMin><symbol><icon>03</icon><description>Nuboso: entre 4/8 y 5/8 de cielo cubierto</description></symbol></forecast><forecast period='next' date='10/02/2013'><tempMax>1</tempMax><tempMin>-3</tempMin><symbol><icon>03</icon><description>Nuboso: entre 4/8 y 5/8 de cielo cubierto</description></symbol></forecast></forecasts></day>
<day month='2' day='9' done='09/02/2013 [07:46:36]'><forecasts><forecast period='today' date='09/02/2013'><tempMax>2</tempMax><tempMin>-1</tempMin><symbol><icon>03</icon><description>Nuboso: entre 4/8 y 5/8 de cielo cubierto</description></symbol></forecast><forecast period='tomorrow' date='10/02/2013'><tempMax>1</tempMax><tempMin>-3</tempMin><symbol><icon>03</icon><description>Nuboso: entre 4/8 y 5/8 de cielo cubierto</description></symbol></forecast><forecast period='next' date='11/02/2013'><tempMax>0</tempMax><tempMin>-5</tempMin><symbol><icon>03</icon><description>Nuboso: entre 4/8 y 5/8 de cielo cubierto</description></symbol></forecast></forecasts></day>
<day month='2' day='9' done='09/02/2013 [10:26:47]'><forecasts><forecast period='today' date='09/02/2013'><tempMax>2</tempMax><tempMin>-1</tempMin><symbol><icon>03</icon><description>Nuboso: entre 4/8 y 5/8 de cielo cubierto</description></symbol></forecast><forecast period='tomorrow' date='10/02/2013'><tempMax>1</tempMax><tempMin>-3</tempMin><symbol><icon>03</icon><description>Nuboso: entre 4/8 y 5/8 de cielo cubierto</description></symbol></forecast><forecast period='next' date='11/02/2013'><tempMax>0</tempMax><tempMin>-5</tempMin><symbol><icon>03</icon><description>Nuboso: entre 4/8 y 5/8 de cielo cubierto</description></symbol></forecast></forecasts></day>
<day month='2' day='9' done='09/02/2013 [12:11:46]'><forecasts><forecast period='today' date='09/02/2013'><tempMax>2</tempMax><tempMin>-1</tempMin><symbol><icon>03</icon><description>Nuboso: entre 4/8 y 5/8 de cielo cubierto</description></symbol></forecast><forecast period='tomorrow' date='10/02/2013'><tempMax>1</tempMax><tempMin>-3</tempMin><symbol><icon>03</icon><description>Nuboso: entre 4/8 y 5/8 de cielo cubierto</description></symbol></forecast><forecast period='next' date='11/02/2013'><tempMax>0</tempMax><tempMin>-5</tempMin><symbol><icon>03</icon><description>Nuboso: entre 4/8 y 5/8 de cielo cubierto</description></symbol></forecast></forecasts></day>
<day month='2' day='9' done='09/02/2013 [18:58:50]'><forecasts><forecast period='today' date='09/02/2013'><tempMax>2</tempMax><tempMin>-1</tempMin><symbol><icon>03</icon><description>Nuboso: entre 4/8 y 5/8 de cielo cubierto</description></symbol></forecast><forecast period='tomorrow' date='10/02/2013'><tempMax>1</tempMax><tempMin>-3</tempMin><symbol><icon>03</icon><description>Nuboso: entre 4/8 y 5/8 de cielo cubierto</description></symbol></forecast><forecast period='next' date='11/02/2013'><tempMax>0</tempMax><tempMin>-5</tempMin><symbol><icon>03</icon><description>Nuboso: entre 4/8 y 5/8 de cielo cubierto</description></symbol></forecast></forecasts></day>
<day month='2' day='10' done='10/02/2013 [07:20:21]'><forecasts><forecast period='today' date='10/02/2013'><tempMax>1</tempMax><tempMin>-3</tempMin><symbol><icon>03</icon><description>Nuboso: entre 4/8 y 5/8 de cielo cubierto</description></symbol></forecast><forecast period='tomorrow' date='11/02/2013'><tempMax>0</tempMax><tempMin>-5</tempMin><symbol><icon>03</icon><description>Nuboso: entre 4/8 y 5/8 de cielo cubierto</description></symbol></forecast><forecast period='next' date='12/02/2013'><tempMax>0</tempMax><tempMin>-4</tempMin><symbol><icon>03</icon><description>Nuboso: entre 4/8 y 5/8 de cielo cubierto</description></symbol></forecast></forecasts></day>
<day month='2' day='10' done='10/02/2013 [09:46:32]'><forecasts><forecast period='today' date='10/02/2013'><tempMax>1</tempMax><tempMin>-3</tempMin><symbol><icon>03</icon><description>Nuboso: entre 4/8 y 5/8 de cielo cubierto</description></symbol></forecast><forecast period='tomorrow' date='11/02/2013'><tempMax>0</tempMax><tempMin>-5</tempMin><symbol><icon>03</icon><description>Nuboso: entre 4/8 y 5/8 de cielo cubierto</description></symbol></forecast><forecast period='next' date='12/02/2013'><tempMax>0</tempMax><tempMin>-4</tempMin><symbol><icon>03</icon><description>Nuboso: entre 4/8 y 5/8 de cielo cubierto</description></symbol></forecast></forecasts></day>
<day month='2' day='10' done='10/02/2013 [12:19:19]'><forecasts><forecast period='today' date='10/02/2013'><tempMax>1</tempMax><tempMin>-3</tempMin><symbol><icon>03</icon><description>Nuboso: entre 4/8 y 5/8 de cielo cubierto</description></symbol></forecast><forecast period='tomorrow' date='11/02/2013'><tempMax>0</tempMax><tempMin>-5</tempMin><symbol><icon>03</icon><description>Nuboso: entre 4/8 y 5/8 de cielo cubierto</description></symbol></forecast><forecast period='next' date='12/02/2013'><tempMax>0</tempMax><tempMin>-4</tempMin><symbol><icon>03</icon><description>Nuboso: entre 4/8 y 5/8 de cielo cubierto</description></symbol></forecast></forecasts></day>
<day month='2' day='10' done='10/02/2013 [19:20:14]'><forecasts><forecast period='today' date='10/02/2013'><tempMax>1</tempMax><tempMin>-3</tempMin><symbol><icon>03</icon><description>Nuboso: entre 4/8 y 5/8 de cielo cubierto</description></symbol></forecast><forecast period='tomorrow' date='11/02/2013'><tempMax>0</tempMax><tempMin>-5</tempMin><symbol><icon>03</icon><description>Nuboso: entre 4/8 y 5/8 de cielo cubierto</description></symbol></forecast><forecast period='next' date='12/02/2013'><tempMax>0</tempMax><tempMin>-4</tempMin><symbol><icon>03</icon><description>Nuboso: entre 4/8 y 5/8 de cielo cubierto</description></symbol></forecast></forecasts></day>
<day month='2' day='11' done='11/02/2013 [07:39:08]'><forecasts><forecast period='today' date='11/02/2013'><tempMax>0</tempMax><tempMin>-6</tempMin><symbol><icon>03</icon><description>Nuboso: entre 4/8 y 5/8 de cielo cubierto</description></symbol></forecast><forecast period='tomorrow' date='12/02/2013'><tempMax>0</tempMax><tempMin>-5</tempMin><symbol><icon>03</icon><description>Nuboso: entre 4/8 y 5/8 de cielo cubierto</description></symbol></forecast><forecast period='next' date='13/02/2013'><tempMax>0</tempMax><tempMin>-3</tempMin><symbol><icon>03</icon><description>Nuboso: entre 4/8 y 5/8 de cielo cubierto</description></symbol></forecast></forecasts></day>
<day month='2' day='11' done='11/02/2013 [08:14:29]'><forecasts><forecast period='today' date='11/02/2013'><tempMax>0</tempMax><tempMin>-6</tempMin><symbol><icon>03</icon><description>Nuboso: entre 4/8 y 5/8 de cielo cubierto</description></symbol></forecast><forecast period='tomorrow' date='12/02/2013'><tempMax>0</tempMax><tempMin>-5</tempMin><symbol><icon>03</icon><description>Nuboso: entre 4/8 y 5/8 de cielo cubierto</description></symbol></forecast><forecast period='next' date='13/02/2013'><tempMax>0</tempMax><tempMin>-3</tempMin><symbol><icon>03</icon><description>Nuboso: entre 4/8 y 5/8 de cielo cubierto</description></symbol></forecast></forecasts></day>
<day month='2' day='11' done='11/02/2013 [10:12:27]'><forecasts><forecast period='today' date='11/02/2013'><tempMax>0</tempMax><tempMin>-6</tempMin><symbol><icon>03</icon><description>Nuboso: entre 4/8 y 5/8 de cielo cubierto</description></symbol></forecast><forecast period='tomorrow' date='12/02/2013'><tempMax>0</tempMax><tempMin>-5</tempMin><symbol><icon>03</icon><description>Nuboso: entre 4/8 y 5/8 de cielo cubierto</description></symbol></forecast><forecast period='next' date='13/02/2013'><tempMax>0</tempMax><tempMin>-3</tempMin><symbol><icon>03</icon><description>Nuboso: entre 4/8 y 5/8 de cielo cubierto</description></symbol></forecast></forecasts></day>
<day month='2' day='11' done='11/02/2013 [10:35:48]'><forecasts><forecast period='today' date='12/02/2013'><tempMax>0</tempMax><tempMin>-5</tempMin><symbol><icon>03</icon><description>Nuboso: entre 4/8 y 5/8 de cielo cubierto</description></symbol></forecast><forecast period='tomorrow' date='13/02/2013'><tempMax>0</tempMax><tempMin>-3</tempMin><symbol><icon>03</icon><description>Nuboso: entre 4/8 y 5/8 de cielo cubierto</description></symbol></forecast></forecasts></day>
<day month='2' day='11' done='11/02/2013 [13:55:52]'><forecasts><forecast period='today' date='11/02/2013'><tempMax>0</tempMax><tempMin>-6</tempMin><symbol><icon>03</icon><description>Nuboso: entre 4/8 y 5/8 de cielo cubierto</description></symbol></forecast><forecast period='tomorrow' date='12/02/2013'><tempMax>0</tempMax><tempMin>-5</tempMin><symbol><icon>03</icon><description>Nuboso: entre 4/8 y 5/8 de cielo cubierto</description></symbol></forecast><forecast period='next' date='13/02/2013'><tempMax>0</tempMax><tempMin>-3</tempMin><symbol><icon>03</icon><description>Nuboso: entre 4/8 y 5/8 de cielo cubierto</description></symbol></forecast></forecasts></day>
<day month='2' day='11' done='11/02/2013 [20:55:19]'><forecasts><forecast period='today' date='11/02/2013'><tempMax>0</tempMax><tempMin>-6</tempMin><symbol><icon>03</icon><description>Nuboso: entre 4/8 y 5/8 de cielo cubierto</description></symbol></forecast><forecast period='tomorrow' date='12/02/2013'><tempMax>0</tempMax><tempMin>-5</tempMin><symbol><icon>03</icon><description>Nuboso: entre 4/8 y 5/8 de cielo cubierto</description></symbol></forecast><forecast period='next' date='13/02/2013'><tempMax>0</tempMax><tempMin>-3</tempMin><symbol><icon>03</icon><description>Nuboso: entre 4/8 y 5/8 de cielo cubierto</description></symbol></forecast></forecasts></day>
<day month='2' day='12' done='12/02/2013 [13:20:42]'><forecasts><forecast period='today' date='12/02/2013'><tempMax>0</tempMax><tempMin>-5</tempMin><symbol><icon>03</icon><description>Nuboso: entre 4/8 y 5/8 de cielo cubierto</description></symbol></forecast><forecast period='tomorrow' date='13/02/2013'><tempMax>1</tempMax><tempMin>-4</tempMin><symbol><icon>04</icon><description>Muy nuboso: entre 5/8 y 7/8 de cielo cubierto</description></symbol></forecast><forecast period='next' date='14/02/2013'><tempMax>2</tempMax><tempMin>-1</tempMin><symbol><icon>04</icon><description>Muy nuboso: entre 5/8 y 7/8 de cielo cubierto</description></symbol></forecast></forecasts></day>
<day month='2' day='12' done='12/02/2013 [21:02:23]'><forecasts><forecast period='today' date='12/02/2013'><tempMax>0</tempMax><tempMin>-5</tempMin><symbol><icon>03</icon><description>Nuboso: entre 4/8 y 5/8 de cielo cubierto</description></symbol></forecast><forecast period='tomorrow' date='13/02/2013'><tempMax>1</tempMax><tempMin>-4</tempMin><symbol><icon>04</icon><description>Muy nuboso: entre 5/8 y 7/8 de cielo cubierto</description></symbol></forecast><forecast period='next' date='14/02/2013'><tempMax>2</tempMax><tempMin>-1</tempMin><symbol><icon>04</icon><description>Muy nuboso: entre 5/8 y 7/8 de cielo cubierto</description></symbol></forecast></forecasts></day>
<day month='2' day='13' done='13/02/2013 [07:18:29]'><forecasts><forecast period='today' date='13/02/2013'><tempMax>1</tempMax><tempMin>-3</tempMin><symbol><icon>04</icon><description>Muy nuboso: entre 5/8 y 7/8 de cielo cubierto</description></symbol></forecast><forecast period='tomorrow' date='14/02/2013'><tempMax>1</tempMax><tempMin>-2</tempMin><symbol><icon>03</icon><description>Nuboso: entre 4/8 y 5/8 de cielo cubierto</description></symbol></forecast><forecast period='next' date='15/02/2013'><tempMax>2</tempMax><tempMin>-3</tempMin><symbol><icon>03</icon><description>Nuboso: entre 4/8 y 5/8 de cielo cubierto</description></symbol></forecast></forecasts></day>
<day month='2' day='13' done='13/02/2013 [09:48:26]'><forecasts><forecast period='today' date='13/02/2013'><tempMax>1</tempMax><tempMin>-3</tempMin><symbol><icon>04</icon><description>Muy nuboso: entre 5/8 y 7/8 de cielo cubierto</description></symbol></forecast><forecast period='tomorrow' date='14/02/2013'><tempMax>1</tempMax><tempMin>-2</tempMin><symbol><icon>03</icon><description>Nuboso: entre 4/8 y 5/8 de cielo cubierto</description></symbol></forecast><forecast period='next' date='15/02/2013'><tempMax>2</tempMax><tempMin>-3</tempMin><symbol><icon>03</icon><description>Nuboso: entre 4/8 y 5/8 de cielo cubierto</description></symbol></forecast></forecasts></day>
<day month='2' day='13' done='13/02/2013 [18:47:52]'><forecasts><forecast period='today' date='13/02/2013'><tempMax>1</tempMax><tempMin>-3</tempMin><symbol><icon>04</icon><description>Muy nuboso: entre 5/8 y 7/8 de cielo cubierto</description></symbol></forecast><forecast period='tomorrow' date='14/02/2013'><tempMax>1</tempMax><tempMin>-2</tempMin><symbol><icon>03</icon><description>Nuboso: entre 4/8 y 5/8 de cielo cubierto</description></symbol></forecast><forecast period='next' date='15/02/2013'><tempMax>2</tempMax><tempMin>-3</tempMin><symbol><icon>03</icon><description>Nuboso: entre 4/8 y 5/8 de cielo cubierto</description></symbol></forecast></forecasts></day>
<day month='2' day='14' done='14/02/2013 [07:29:34]'><forecasts><forecast period='today' date='14/02/2013'><tempMax>1</tempMax><tempMin>-2</tempMin><symbol><icon>02</icon><description>Parcialmente nuboso: entre 2/8 y 4/8 de cielo cubierto</description></symbol></forecast><forecast period='tomorrow' date='15/02/2013'><tempMax>3</tempMax><tempMin>-3</tempMin><symbol><icon>02</icon><description>Parcialmente nuboso: entre 2/8 y 4/8 de cielo cubierto</description></symbol></forecast><forecast period='next' date='16/02/2013'><tempMax>3</tempMax><tempMin>-2</tempMin><symbol><icon>02</icon><description>Parcialmente nuboso: entre 2/8 y 4/8 de cielo cubierto</description></symbol></forecast></forecasts></day>
<day month='2' day='14' done='14/02/2013 [10:10:57]'><forecasts><forecast period='today' date='14/02/2013'><tempMax>1</tempMax><tempMin>-2</tempMin><symbol><icon>02</icon><description>Parcialmente nuboso: entre 2/8 y 4/8 de cielo cubierto</description></symbol></forecast><forecast period='tomorrow' date='15/02/2013'><tempMax>3</tempMax><tempMin>-3</tempMin><symbol><icon>02</icon><description>Parcialmente nuboso: entre 2/8 y 4/8 de cielo cubierto</description></symbol></forecast><forecast period='next' date='16/02/2013'><tempMax>3</tempMax><tempMin>-2</tempMin><symbol><icon>02</icon><description>Parcialmente nuboso: entre 2/8 y 4/8 de cielo cubierto</description></symbol></forecast></forecasts></day>
<day month='2' day='14' done='14/02/2013 [18:46:10]'><forecasts><forecast period='today' date='14/02/2013'><tempMax>1</tempMax><tempMin>-2</tempMin><symbol><icon>02</icon><description>Parcialmente nuboso: entre 2/8 y 4/8 de cielo cubierto</description></symbol></forecast><forecast period='tomorrow' date='15/02/2013'><tempMax>3</tempMax><tempMin>-3</tempMin><symbol><icon>02</icon><description>Parcialmente nuboso: entre 2/8 y 4/8 de cielo cubierto</description></symbol></forecast><forecast period='next' date='16/02/2013'><tempMax>3</tempMax><tempMin>-2</tempMin><symbol><icon>02</icon><description>Parcialmente nuboso: entre 2/8 y 4/8 de cielo cubierto</description></symbol></forecast></forecasts></day>
<day month='2' day='15' done='15/02/2013 [07:36:35]'><forecasts><forecast period='today' date='15/02/2013'><tempMax>2</tempMax><tempMin>-2</tempMin><symbol><icon>03</icon><description>Nuboso: entre 4/8 y 5/8 de cielo cubierto</description></symbol></forecast><forecast period='tomorrow' date='16/02/2013'><tempMax>3</tempMax><tempMin>-1</tempMin><symbol><icon>03</icon><description>Nuboso: entre 4/8 y 5/8 de cielo cubierto</description></symbol></forecast><forecast period='next' date='17/02/2013'><tempMax>5</tempMax><tempMin>0</tempMin><symbol><icon>03</icon><description>Nuboso: entre 4/8 y 5/8 de cielo cubierto</description></symbol></forecast></forecasts></day>
<day month='2' day='15' done='15/02/2013 [09:56:24]'><forecasts><forecast period='today' date='15/02/2013'><tempMax>2</tempMax><tempMin>-2</tempMin><symbol><icon>03</icon><description>Nuboso: entre 4/8 y 5/8 de cielo cubierto</description></symbol></forecast><forecast period='tomorrow' date='16/02/2013'><tempMax>3</tempMax><tempMin>-1</tempMin><symbol><icon>03</icon><description>Nuboso: entre 4/8 y 5/8 de cielo cubierto</description></symbol></forecast><forecast period='next' date='17/02/2013'><tempMax>5</tempMax><tempMin>0</tempMin><symbol><icon>03</icon><description>Nuboso: entre 4/8 y 5/8 de cielo cubierto</description></symbol></forecast></forecasts></day>
<day month='2' day='15' done='15/02/2013 [18:59:44]'><forecasts><forecast period='today' date='15/02/2013'><tempMax>2</tempMax><tempMin>-2</tempMin><symbol><icon>03</icon><description>Nuboso: entre 4/8 y 5/8 de cielo cubierto</description></symbol></forecast><forecast period='tomorrow' date='16/02/2013'><tempMax>3</tempMax><tempMin>-1</tempMin><symbol><icon>03</icon><description>Nuboso: entre 4/8 y 5/8 de cielo cubierto</description></symbol></forecast><forecast period='next' date='17/02/2013'><tempMax>5</tempMax><tempMin>0</tempMin><symbol><icon>03</icon><description>Nuboso: entre 4/8 y 5/8 de cielo cubierto</description></symbol></forecast></forecasts></day>
<day month='2' day='16' done='16/02/2013 [07:01:19]'><forecasts><forecast period='today' date='16/02/2013'><tempMax>4</tempMax><tempMin>0</tempMin><symbol><icon>02</icon><description>Parcialmente nuboso: entre 2/8 y 4/8 de cielo cubierto</description></symbol></forecast><forecast period='tomorrow' date='17/02/2013'><tempMax>4</tempMax><tempMin>0</tempMin><symbol><icon>03</icon><description>Nuboso: entre 4/8 y 5/8 de cielo cubierto</description></symbol></forecast><forecast period='next' date='18/02/2013'><tempMax>3</tempMax><tempMin>0</tempMin><symbol><icon>12</icon><description>Lluvia débil: precipitación de agua líquida, con cantidades inferiores a 15 mm/h</description></symbol></forecast></forecasts></day>
<day month='2' day='16' done='16/02/2013 [10:15:02]'><forecasts><forecast period='today' date='16/02/2013'><tempMax>4</tempMax><tempMin>0</tempMin><symbol><icon>02</icon><description>Parcialmente nuboso: entre 2/8 y 4/8 de cielo cubierto</description></symbol></forecast><forecast period='tomorrow' date='17/02/2013'><tempMax>4</tempMax><tempMin>0</tempMin><symbol><icon>03</icon><description>Nuboso: entre 4/8 y 5/8 de cielo cubierto</description></symbol></forecast><forecast period='next' date='18/02/2013'><tempMax>3</tempMax><tempMin>0</tempMin><symbol><icon>12</icon><description>Lluvia débil: precipitación de agua líquida, con cantidades inferiores a 15 mm/h</description></symbol></forecast></forecasts></day>
<day month='2' day='16' done='16/02/2013 [18:41:20]'><forecasts><forecast period='today' date='16/02/2013'><tempMax>4</tempMax><tempMin>0</tempMin><symbol><icon>02</icon><description>Parcialmente nuboso: entre 2/8 y 4/8 de cielo cubierto</description></symbol></forecast><forecast period='tomorrow' date='17/02/2013'><tempMax>4</tempMax><tempMin>0</tempMin><symbol><icon>03</icon><description>Nuboso: entre 4/8 y 5/8 de cielo cubierto</description></symbol></forecast><forecast period='next' date='18/02/2013'><tempMax>3</tempMax><tempMin>0</tempMin><symbol><icon>12</icon><description>Lluvia débil: precipitación de agua líquida, con cantidades inferiores a 15 mm/h</description></symbol></forecast></forecasts></day>
<day month='2' day='17' done='17/02/2013 [06:46:14]'><forecasts><forecast period='today' date='17/02/2013'><tempMax>3</tempMax><tempMin>-1</tempMin><symbol><icon>03</icon><description>Nuboso: entre 4/8 y 5/8 de cielo cubierto</description></symbol></forecast><forecast period='tomorrow' date='18/02/2013'><tempMax>4</tempMax><tempMin>1</tempMin><symbol><icon>03</icon><description>Nuboso: entre 4/8 y 5/8 de cielo cubierto</description></symbol></forecast><forecast period='next' date='19/02/2013'><tempMax>2</tempMax><tempMin>1</tempMin><symbol><icon>17</icon><description>Nieve débil: precipitación en forma de nieve, con espesores acumulados inferiores a 10 cm/h</description></symbol></forecast></forecasts></day>
<day month='2' day='17' done='17/02/2013 [10:24:49]'><forecasts><forecast period='today' date='17/02/2013'><tempMax>3</tempMax><tempMin>-1</tempMin><symbol><icon>03</icon><description>Nuboso: entre 4/8 y 5/8 de cielo cubierto</description></symbol></forecast><forecast period='tomorrow' date='18/02/2013'><tempMax>4</tempMax><tempMin>1</tempMin><symbol><icon>03</icon><description>Nuboso: entre 4/8 y 5/8 de cielo cubierto</description></symbol></forecast><forecast period='next' date='19/02/2013'><tempMax>2</tempMax><tempMin>1</tempMin><symbol><icon>17</icon><description>Nieve débil: precipitación en forma de nieve, con espesores acumulados inferiores a 10 cm/h</description></symbol></forecast></forecasts></day>
<day month='2' day='17' done='17/02/2013 [18:50:53]'><forecasts><forecast period='today' date='17/02/2013'><tempMax>3</tempMax><tempMin>-1</tempMin><symbol><icon>03</icon><description>Nuboso: entre 4/8 y 5/8 de cielo cubierto</description></symbol></forecast><forecast period='tomorrow' date='18/02/2013'><tempMax>4</tempMax><tempMin>1</tempMin><symbol><icon>03</icon><description>Nuboso: entre 4/8 y 5/8 de cielo cubierto</description></symbol></forecast><forecast period='next' date='19/02/2013'><tempMax>2</tempMax><tempMin>1</tempMin><symbol><icon>17</icon><description>Nieve débil: precipitación en forma de nieve, con espesores acumulados inferiores a 10 cm/h</description></symbol></forecast></forecasts></day>
<day month='2' day='18' done='18/02/2013 [07:54:16]'><forecasts><forecast period='today' date='18/02/2013'><tempMax>2</tempMax><tempMin>0</tempMin><symbol><icon>17</icon><description>Nieve débil: precipitación en forma de nieve, con espesores acumulados inferiores a 10 cm/h</description></symbol></forecast><forecast period='tomorrow' date='19/02/2013'><tempMax>2</tempMax><tempMin>0</tempMin><symbol><icon>17</icon><description>Nieve débil: precipitación en forma de nieve, con espesores acumulados inferiores a 10 cm/h</description></symbol></forecast><forecast period='next' date='20/02/2013'><tempMax>1</tempMax><tempMin>-2</tempMin><symbol><icon>17</icon><description>Nieve débil: precipitación en forma de nieve, con espesores acumulados inferiores a 10 cm/h</description></symbol></forecast></forecasts></day>
<day month='2' day='18' done='18/02/2013 [09:38:11]'><forecasts><forecast period='today' date='18/02/2013'><tempMax>2</tempMax><tempMin>0</tempMin><symbol><icon>17</icon><description>Nieve débil: precipitación en forma de nieve, con espesores acumulados inferiores a 10 cm/h</description></symbol></forecast><forecast period='tomorrow' date='19/02/2013'><tempMax>2</tempMax><tempMin>0</tempMin><symbol><icon>17</icon><description>Nieve débil: precipitación en forma de nieve, con espesores acumulados inferiores a 10 cm/h</description></symbol></forecast><forecast period='next' date='20/02/2013'><tempMax>1</tempMax><tempMin>-2</tempMin><symbol><icon>17</icon><description>Nieve débil: precipitación en forma de nieve, con espesores acumulados inferiores a 10 cm/h</description></symbol></forecast></forecasts></day>
<day month='2' day='18' done='18/02/2013 [18:49:15]'><forecasts><forecast period='today' date='18/02/2013'><tempMax>2</tempMax><tempMin>0</tempMin><symbol><icon>17</icon><description>Nieve débil: precipitación en forma de nieve, con espesores acumulados inferiores a 10 cm/h</description></symbol></forecast><forecast period='tomorrow' date='19/02/2013'><tempMax>2</tempMax><tempMin>0</tempMin><symbol><icon>17</icon><description>Nieve débil: precipitación en forma de nieve, con espesores acumulados inferiores a 10 cm/h</description></symbol></forecast><forecast period='next' date='20/02/2013'><tempMax>1</tempMax><tempMin>-2</tempMin><symbol><icon>17</icon><description>Nieve débil: precipitación en forma de nieve, con espesores acumulados inferiores a 10 cm/h</description></symbol></forecast></forecasts></day>
<day month='2' day='19' done='19/02/2013 [07:32:41]'><forecasts><forecast period='today' date='19/02/2013'><tempMax>1</tempMax><tempMin>0</tempMin><symbol><icon>17</icon><description>Nieve débil: precipitación en forma de nieve, con espesores acumulados inferiores a 10 cm/h</description></symbol></forecast><forecast period='tomorrow' date='20/02/2013'><tempMax>1</tempMax><tempMin>-1</tempMin><symbol><icon>17</icon><description>Nieve débil: precipitación en forma de nieve, con espesores acumulados inferiores a 10 cm/h</description></symbol></forecast><forecast period='next' date='21/02/2013'><tempMax>0</tempMax><tempMin>-3</tempMin><symbol><icon>03</icon><description>Nuboso: entre 4/8 y 5/8 de cielo cubierto</description></symbol></forecast></forecasts></day>
<day month='2' day='19' done='19/02/2013 [08:10:27]'><forecasts><forecast period='today' date='19/02/2013'><tempMax>1</tempMax><tempMin>0</tempMin><symbol><icon>17</icon><description>Nieve débil: precipitación en forma de nieve, con espesores acumulados inferiores a 10 cm/h</description></symbol></forecast><forecast period='tomorrow' date='20/02/2013'><tempMax>1</tempMax><tempMin>-1</tempMin><symbol><icon>17</icon><description>Nieve débil: precipitación en forma de nieve, con espesores acumulados inferiores a 10 cm/h</description></symbol></forecast><forecast period='next' date='21/02/2013'><tempMax>0</tempMax><tempMin>-3</tempMin><symbol><icon>03</icon><description>Nuboso: entre 4/8 y 5/8 de cielo cubierto</description></symbol></forecast></forecasts></day>
<day month='2' day='19' done='19/02/2013 [08:48:39]'><forecasts><forecast period='today' date='19/02/2013'><tempMax>1</tempMax><tempMin>0</tempMin><symbol><icon>17</icon><description>Nieve débil: precipitación en forma de nieve, con espesores acumulados inferiores a 10 cm/h</description></symbol></forecast><forecast period='tomorrow' date='20/02/2013'><tempMax>1</tempMax><tempMin>-1</tempMin><symbol><icon>17</icon><description>Nieve débil: precipitación en forma de nieve, con espesores acumulados inferiores a 10 cm/h</description></symbol></forecast><forecast period='next' date='21/02/2013'><tempMax>0</tempMax><tempMin>-3</tempMin><symbol><icon>03</icon><description>Nuboso: entre 4/8 y 5/8 de cielo cubierto</description></symbol></forecast></forecasts></day>
<day month='2' day='19' done='19/02/2013 [10:45:59]'><forecasts><forecast period='today' date='19/02/2013'><tempMax>1</tempMax><tempMin>0</tempMin><symbol><icon>17</icon><description>Nieve débil: precipitación en forma de nieve, con espesores acumulados inferiores a 10 cm/h</description></symbol></forecast><forecast period='tomorrow' date='20/02/2013'><tempMax>1</tempMax><tempMin>-1</tempMin><symbol><icon>17</icon><description>Nieve débil: precipitación en forma de nieve, con espesores acumulados inferiores a 10 cm/h</description></symbol></forecast><forecast period='next' date='21/02/2013'><tempMax>0</tempMax><tempMin>-3</tempMin><symbol><icon>03</icon><description>Nuboso: entre 4/8 y 5/8 de cielo cubierto</description></symbol></forecast></forecasts></day>
<day month='2' day='19' done='19/02/2013 [18:25:45]'><forecasts><forecast period='today' date='19/02/2013'><tempMax>1</tempMax><tempMin>0</tempMin><symbol><icon>17</icon><description>Nieve débil: precipitación en forma de nieve, con espesores acumulados inferiores a 10 cm/h</description></symbol></forecast><forecast period='tomorrow' date='20/02/2013'><tempMax>1</tempMax><tempMin>-1</tempMin><symbol><icon>17</icon><description>Nieve débil: precipitación en forma de nieve, con espesores acumulados inferiores a 10 cm/h</description></symbol></forecast><forecast period='next' date='21/02/2013'><tempMax>0</tempMax><tempMin>-3</tempMin><symbol><icon>03</icon><description>Nuboso: entre 4/8 y 5/8 de cielo cubierto</description></symbol></forecast></forecasts></day>
<day month='2' day='20' done='20/02/2013 [07:38:14]'><forecasts><forecast period='today' date='20/02/2013'><tempMax>0</tempMax><tempMin>-3</tempMin><symbol><icon>17</icon><description>Nieve débil: precipitación en forma de nieve, con espesores acumulados inferiores a 10 cm/h</description></symbol></forecast><forecast period='tomorrow' date='21/02/2013'><tempMax>0</tempMax><tempMin>-3</tempMin><symbol><icon>03</icon><description>Nuboso: entre 4/8 y 5/8 de cielo cubierto</description></symbol></forecast><forecast period='next' date='22/02/2013'><tempMax>-1</tempMax><tempMin>-5</tempMin><symbol><icon>03</icon><description>Nuboso: entre 4/8 y 5/8 de cielo cubierto</description></symbol></forecast></forecasts></day>
<day month='2' day='20' done='20/02/2013 [08:11:54]'><forecasts><forecast period='today' date='20/02/2013'><tempMax>0</tempMax><tempMin>-3</tempMin><symbol><icon>17</icon><description>Nieve débil: precipitación en forma de nieve, con espesores acumulados inferiores a 10 cm/h</description></symbol></forecast><forecast period='tomorrow' date='21/02/2013'><tempMax>0</tempMax><tempMin>-3</tempMin><symbol><icon>03</icon><description>Nuboso: entre 4/8 y 5/8 de cielo cubierto</description></symbol></forecast><forecast period='next' date='22/02/2013'><tempMax>-1</tempMax><tempMin>-5</tempMin><symbol><icon>03</icon><description>Nuboso: entre 4/8 y 5/8 de cielo cubierto</description></symbol></forecast></forecasts></day>
<day month='2' day='20' done='20/02/2013 [09:29:35]'><forecasts><forecast period='today' date='20/02/2013'><tempMax>0</tempMax><tempMin>-3</tempMin><symbol><icon>17</icon><description>Nieve débil: precipitación en forma de nieve, con espesores acumulados inferiores a 10 cm/h</description></symbol></forecast><forecast period='tomorrow' date='21/02/2013'><tempMax>0</tempMax><tempMin>-3</tempMin><symbol><icon>03</icon><description>Nuboso: entre 4/8 y 5/8 de cielo cubierto</description></symbol></forecast><forecast period='next' date='22/02/2013'><tempMax>-1</tempMax><tempMin>-5</tempMin><symbol><icon>03</icon><description>Nuboso: entre 4/8 y 5/8 de cielo cubierto</description></symbol></forecast></forecasts></day>
<day month='2' day='20' done='20/02/2013 [17:14:16]'><forecasts><forecast period='today' date='20/02/2013'><tempMax>0</tempMax><tempMin>-3</tempMin><symbol><icon>17</icon><description>Nieve débil: precipitación en forma de nieve, con espesores acumulados inferiores a 10 cm/h</description></symbol></forecast><forecast period='tomorrow' date='21/02/2013'><tempMax>0</tempMax><tempMin>-3</tempMin><symbol><icon>03</icon><description>Nuboso: entre 4/8 y 5/8 de cielo cubierto</description></symbol></forecast><forecast period='next' date='22/02/2013'><tempMax>-1</tempMax><tempMin>-5</tempMin><symbol><icon>03</icon><description>Nuboso: entre 4/8 y 5/8 de cielo cubierto</description></symbol></forecast></forecasts></day>
<day month='2' day='20' done='20/02/2013 [18:27:41]'><forecasts><forecast period='today' date='20/02/2013'><tempMax>0</tempMax><tempMin>-3</tempMin><symbol><icon>17</icon><description>Nieve débil: precipitación en forma de nieve, con espesores acumulados inferiores a 10 cm/h</description></symbol></forecast><forecast period='tomorrow' date='21/02/2013'><tempMax>0</tempMax><tempMin>-3</tempMin><symbol><icon>03</icon><description>Nuboso: entre 4/8 y 5/8 de cielo cubierto</description></symbol></forecast><forecast period='next' date='22/02/2013'><tempMax>-1</tempMax><tempMin>-5</tempMin><symbol><icon>03</icon><description>Nuboso: entre 4/8 y 5/8 de cielo cubierto</description></symbol></forecast></forecasts></day>
<day month='2' day='21' done='21/02/2013 [07:45:15]'><forecasts><forecast period='today' date='21/02/2013'><tempMax>-1</tempMax><tempMin>-4</tempMin><symbol><icon>18</icon><description>Nieve: precipitación de cristales de hielo</description></symbol></forecast><forecast period='tomorrow' date='22/02/2013'><tempMax>-1</tempMax><tempMin>-5</tempMin><symbol><icon>03</icon><description>Nuboso: entre 4/8 y 5/8 de cielo cubierto</description></symbol></forecast><forecast period='next' date='23/02/2013'><tempMax>0</tempMax><tempMin>-4</tempMin><symbol><icon>18</icon><description>Nieve: precipitación de cristales de hielo</description></symbol></forecast></forecasts></day>
<day month='2' day='21' done='21/02/2013 [09:57:36]'><forecasts><forecast period='today' date='21/02/2013'><tempMax>-1</tempMax><tempMin>-4</tempMin><symbol><icon>18</icon><description>Nieve: precipitación de cristales de hielo</description></symbol></forecast><forecast period='tomorrow' date='22/02/2013'><tempMax>-1</tempMax><tempMin>-5</tempMin><symbol><icon>03</icon><description>Nuboso: entre 4/8 y 5/8 de cielo cubierto</description></symbol></forecast><forecast period='next' date='23/02/2013'><tempMax>0</tempMax><tempMin>-4</tempMin><symbol><icon>18</icon><description>Nieve: precipitación de cristales de hielo</description></symbol></forecast></forecasts></day>
<day month='2' day='21' done='21/02/2013 [13:57:53]'><forecasts><forecast period='today' date='21/02/2013'><tempMax>-1</tempMax><tempMin>-4</tempMin><symbol><icon>18</icon><description>Nieve: precipitación de cristales de hielo</description></symbol></forecast><forecast period='tomorrow' date='22/02/2013'><tempMax>-1</tempMax><tempMin>-5</tempMin><symbol><icon>03</icon><description>Nuboso: entre 4/8 y 5/8 de cielo cubierto</description></symbol></forecast><forecast period='next' date='23/02/2013'><tempMax>0</tempMax><tempMin>-4</tempMin><symbol><icon>18</icon><description>Nieve: precipitación de cristales de hielo</description></symbol></forecast></forecasts></day>
<day month='2' day='21' done='21/02/2013 [18:27:22]'><forecasts><forecast period='today' date='21/02/2013'><tempMax>-1</tempMax><tempMin>-4</tempMin><symbol><icon>18</icon><description>Nieve: precipitación de cristales de hielo</description></symbol></forecast><forecast period='tomorrow' date='22/02/2013'><tempMax>-1</tempMax><tempMin>-5</tempMin><symbol><icon>03</icon><description>Nuboso: entre 4/8 y 5/8 de cielo cubierto</description></symbol></forecast><forecast period='next' date='23/02/2013'><tempMax>0</tempMax><tempMin>-4</tempMin><symbol><icon>18</icon><description>Nieve: precipitación de cristales de hielo</description></symbol></forecast></forecasts></day>
<day month='2' day='22' done='22/02/2013 [07:39:55]'><forecasts><forecast period='today' date='22/02/2013'><tempMax>-1</tempMax><tempMin>-5</tempMin><symbol><icon>02</icon><description>Parcialmente nuboso: entre 2/8 y 4/8 de cielo cubierto</description></symbol></forecast><forecast period='tomorrow' date='23/02/2013'><tempMax>0</tempMax><tempMin>-6</tempMin><symbol><icon>18</icon><description>Nieve: precipitación de cristales de hielo</description></symbol></forecast><forecast period='next' date='24/02/2013'><tempMax>2</tempMax><tempMin>-1</tempMin><symbol><icon>18</icon><description>Nieve: precipitación de cristales de hielo</description></symbol></forecast></forecasts></day>
<day month='2' day='22' done='22/02/2013 [08:13:09]'><forecasts><forecast period='today' date='22/02/2013'><tempMax>-1</tempMax><tempMin>-5</tempMin><symbol><icon>02</icon><description>Parcialmente nuboso: entre 2/8 y 4/8 de cielo cubierto</description></symbol></forecast><forecast period='tomorrow' date='23/02/2013'><tempMax>0</tempMax><tempMin>-6</tempMin><symbol><icon>18</icon><description>Nieve: precipitación de cristales de hielo</description></symbol></forecast><forecast period='next' date='24/02/2013'><tempMax>2</tempMax><tempMin>-1</tempMin><symbol><icon>18</icon><description>Nieve: precipitación de cristales de hielo</description></symbol></forecast></forecasts></day>
<day month='2' day='22' done='22/02/2013 [09:40:05]'><forecasts><forecast period='today' date='22/02/2013'><tempMax>-1</tempMax><tempMin>-5</tempMin><symbol><icon>02</icon><description>Parcialmente nuboso: entre 2/8 y 4/8 de cielo cubierto</description></symbol></forecast><forecast period='tomorrow' date='23/02/2013'><tempMax>0</tempMax><tempMin>-6</tempMin><symbol><icon>18</icon><description>Nieve: precipitación de cristales de hielo</description></symbol></forecast><forecast period='next' date='24/02/2013'><tempMax>2</tempMax><tempMin>-1</tempMin><symbol><icon>18</icon><description>Nieve: precipitación de cristales de hielo</description></symbol></forecast></forecasts></day>
<day month='2' day='22' done='22/02/2013 [12:22:37]'><forecasts><forecast period='today' date='22/02/2013'><tempMax>-1</tempMax><tempMin>-5</tempMin><symbol><icon>02</icon><description>Parcialmente nuboso: entre 2/8 y 4/8 de cielo cubierto</description></symbol></forecast><forecast period='tomorrow' date='23/02/2013'><tempMax>0</tempMax><tempMin>-6</tempMin><symbol><icon>18</icon><description>Nieve: precipitación de cristales de hielo</description></symbol></forecast><forecast period='next' date='24/02/2013'><tempMax>2</tempMax><tempMin>-1</tempMin><symbol><icon>18</icon><description>Nieve: precipitación de cristales de hielo</description></symbol></forecast></forecasts></day>
<day month='2' day='22' done='22/02/2013 [18:24:43]'><forecasts><forecast period='today' date='22/02/2013'><tempMax>-1</tempMax><tempMin>-5</tempMin><symbol><icon>02</icon><description>Parcialmente nuboso: entre 2/8 y 4/8 de cielo cubierto</description></symbol></forecast><forecast period='tomorrow' date='23/02/2013'><tempMax>0</tempMax><tempMin>-6</tempMin><symbol><icon>18</icon><description>Nieve: precipitación de cristales de hielo</description></symbol></forecast><forecast period='next' date='24/02/2013'><tempMax>2</tempMax><tempMin>-1</tempMin><symbol><icon>18</icon><description>Nieve: precipitación de cristales de hielo</description></symbol></forecast></forecasts></day>
<day month='2' day='23' done='23/02/2013 [07:17:11]'><forecasts><forecast period='today' date='23/02/2013'><tempMax>0</tempMax><tempMin>-5</tempMin><symbol><icon>18</icon><description>Nieve: precipitación de cristales de hielo</description></symbol></forecast><forecast period='tomorrow' date='24/02/2013'><tempMax>1</tempMax><tempMin>0</tempMin><symbol><icon>18</icon><description>Nieve: precipitación de cristales de hielo</description></symbol></forecast><forecast period='next' date='25/02/2013'><tempMax>2</tempMax><tempMin>1</tempMin><symbol><icon>04</icon><description>Muy nuboso: entre 5/8 y 7/8 de cielo cubierto</description></symbol></forecast></forecasts></day>
<day month='2' day='23' done='23/02/2013 [09:33:19]'><forecasts><forecast period='today' date='23/02/2013'><tempMax>0</tempMax><tempMin>-5</tempMin><symbol><icon>18</icon><description>Nieve: precipitación de cristales de hielo</description></symbol></forecast><forecast period='tomorrow' date='24/02/2013'><tempMax>1</tempMax><tempMin>0</tempMin><symbol><icon>18</icon><description>Nieve: precipitación de cristales de hielo</description></symbol></forecast><forecast period='next' date='25/02/2013'><tempMax>2</tempMax><tempMin>1</tempMin><symbol><icon>04</icon><description>Muy nuboso: entre 5/8 y 7/8 de cielo cubierto</description></symbol></forecast></forecasts></day>
<day month='2' day='23' done='23/02/2013 [11:24:49]'><forecasts><forecast period='today' date='23/02/2013'><tempMax>0</tempMax><tempMin>-5</tempMin><symbol><icon>18</icon><description>Nieve: precipitación de cristales de hielo</description></symbol></forecast><forecast period='tomorrow' date='24/02/2013'><tempMax>1</tempMax><tempMin>0</tempMin><symbol><icon>18</icon><description>Nieve: precipitación de cristales de hielo</description></symbol></forecast><forecast period='next' date='25/02/2013'><tempMax>2</tempMax><tempMin>1</tempMin><symbol><icon>04</icon><description>Muy nuboso: entre 5/8 y 7/8 de cielo cubierto</description></symbol></forecast></forecasts></day>
<day month='2' day='23' done='23/02/2013 [18:28:21]'><forecasts><forecast period='today' date='23/02/2013'><tempMax>0</tempMax><tempMin>-5</tempMin><symbol><icon>18</icon><description>Nieve: precipitación de cristales de hielo</description></symbol></forecast><forecast period='tomorrow' date='24/02/2013'><tempMax>1</tempMax><tempMin>0</tempMin><symbol><icon>18</icon><description>Nieve: precipitación de cristales de hielo</description></symbol></forecast><forecast period='next' date='25/02/2013'><tempMax>2</tempMax><tempMin>1</tempMin><symbol><icon>04</icon><description>Muy nuboso: entre 5/8 y 7/8 de cielo cubierto</description></symbol></forecast></forecasts></day>
<day month='2' day='24' done='24/02/2013 [07:21:02]'><forecasts><forecast period='today' date='24/02/2013'><tempMax>1</tempMax><tempMin>0</tempMin><symbol><icon>18</icon><description>Nieve: precipitación de cristales de hielo</description></symbol></forecast><forecast period='tomorrow' date='25/02/2013'><tempMax>2</tempMax><tempMin>1</tempMin><symbol><icon>04</icon><description>Muy nuboso: entre 5/8 y 7/8 de cielo cubierto</description></symbol></forecast><forecast period='next' date='26/02/2013'><tempMax>2</tempMax><tempMin>0</tempMin><symbol><icon>18</icon><description>Nieve: precipitación de cristales de hielo</description></symbol></forecast></forecasts></day>
<day month='2' day='24' done='24/02/2013 [10:04:20]'><forecasts><forecast period='today' date='24/02/2013'><tempMax>1</tempMax><tempMin>0</tempMin><symbol><icon>18</icon><description>Nieve: precipitación de cristales de hielo</description></symbol></forecast><forecast period='tomorrow' date='25/02/2013'><tempMax>2</tempMax><tempMin>1</tempMin><symbol><icon>04</icon><description>Muy nuboso: entre 5/8 y 7/8 de cielo cubierto</description></symbol></forecast><forecast period='next' date='26/02/2013'><tempMax>2</tempMax><tempMin>0</tempMin><symbol><icon>18</icon><description>Nieve: precipitación de cristales de hielo</description></symbol></forecast></forecasts></day>
<day month='2' day='24' done='24/02/2013 [10:32:36]'><forecasts><forecast period='today' date='24/02/2013'><tempMax>1</tempMax><tempMin>0</tempMin><symbol><icon>18</icon><description>Nieve: precipitación de cristales de hielo</description></symbol></forecast><forecast period='tomorrow' date='25/02/2013'><tempMax>2</tempMax><tempMin>1</tempMin><symbol><icon>04</icon><description>Muy nuboso: entre 5/8 y 7/8 de cielo cubierto</description></symbol></forecast><forecast period='next' date='26/02/2013'><tempMax>2</tempMax><tempMin>0</tempMin><symbol><icon>18</icon><description>Nieve: precipitación de cristales de hielo</description></symbol></forecast></forecasts></day>
<day month='2' day='24' done='24/02/2013 [18:20:06]'><forecasts><forecast period='today' date='24/02/2013'><tempMax>1</tempMax><tempMin>0</tempMin><symbol><icon>18</icon><description>Nieve: precipitación de cristales de hielo</description></symbol></forecast><forecast period='tomorrow' date='25/02/2013'><tempMax>2</tempMax><tempMin>1</tempMin><symbol><icon>04</icon><description>Muy nuboso: entre 5/8 y 7/8 de cielo cubierto</description></symbol></forecast><forecast period='next' date='26/02/2013'><tempMax>2</tempMax><tempMin>0</tempMin><symbol><icon>18</icon><description>Nieve: precipitación de cristales de hielo</description></symbol></forecast></forecasts></day>
<day month='2' day='25' done='25/02/2013 [07:13:49]'><forecasts><forecast period='today' date='25/02/2013'><tempMax>2</tempMax><tempMin>1</tempMin><symbol><icon>18</icon><description>Nieve: precipitación de cristales de hielo</description></symbol></forecast><forecast period='tomorrow' date='26/02/2013'><tempMax>3</tempMax><tempMin>1</tempMin><symbol><icon>04</icon><description>Muy nuboso: entre 5/8 y 7/8 de cielo cubierto</description></symbol></forecast><forecast period='next' date='27/02/2013'><tempMax>3</tempMax><tempMin>1</tempMin><symbol><icon>03</icon><description>Nuboso: entre 4/8 y 5/8 de cielo cubierto</description></symbol></forecast></forecasts></day>
<day month='2' day='25' done='25/02/2013 [10:14:35]'><forecasts><forecast period='today' date='25/02/2013'><tempMax>2</tempMax><tempMin>1</tempMin><symbol><icon>18</icon><description>Nieve: precipitación de cristales de hielo</description></symbol></forecast><forecast period='tomorrow' date='26/02/2013'><tempMax>3</tempMax><tempMin>1</tempMin><symbol><icon>04</icon><description>Muy nuboso: entre 5/8 y 7/8 de cielo cubierto</description></symbol></forecast><forecast period='next' date='27/02/2013'><tempMax>3</tempMax><tempMin>1</tempMin><symbol><icon>03</icon><description>Nuboso: entre 4/8 y 5/8 de cielo cubierto</description></symbol></forecast></forecasts></day>
<day month='2' day='25' done='25/02/2013 [20:17:47]'><forecasts><forecast period='today' date='25/02/2013'><tempMax>2</tempMax><tempMin>1</tempMin><symbol><icon>18</icon><description>Nieve: precipitación de cristales de hielo</description></symbol></forecast><forecast period='tomorrow' date='26/02/2013'><tempMax>3</tempMax><tempMin>1</tempMin><symbol><icon>04</icon><description>Muy nuboso: entre 5/8 y 7/8 de cielo cubierto</description></symbol></forecast><forecast period='next' date='27/02/2013'><tempMax>3</tempMax><tempMin>1</tempMin><symbol><icon>03</icon><description>Nuboso: entre 4/8 y 5/8 de cielo cubierto</description></symbol></forecast></forecasts></day>
<day month='2' day='26' done='26/02/2013 [07:35:54]'><forecasts><forecast period='today' date='26/02/2013'><tempMax>3</tempMax><tempMin>1</tempMin><symbol><icon>04</icon><description>Muy nuboso: entre 5/8 y 7/8 de cielo cubierto</description></symbol></forecast><forecast period='tomorrow' date='27/02/2013'><tempMax>3</tempMax><tempMin>1</tempMin><symbol><icon>04</icon><description>Muy nuboso: entre 5/8 y 7/8 de cielo cubierto</description></symbol></forecast><forecast period='next' date='28/02/2013'><tempMax>3</tempMax><tempMin>0</tempMin><symbol><icon>04</icon><description>Muy nuboso: entre 5/8 y 7/8 de cielo cubierto</description></symbol></forecast></forecasts></day>
<day month='2' day='26' done='26/02/2013 [08:12:14]'><forecasts><forecast period='today' date='26/02/2013'><tempMax>3</tempMax><tempMin>1</tempMin><symbol><icon>04</icon><description>Muy nuboso: entre 5/8 y 7/8 de cielo cubierto</description></symbol></forecast><forecast period='tomorrow' date='27/02/2013'><tempMax>3</tempMax><tempMin>1</tempMin><symbol><icon>04</icon><description>Muy nuboso: entre 5/8 y 7/8 de cielo cubierto</description></symbol></forecast><forecast period='next' date='28/02/2013'><tempMax>3</tempMax><tempMin>0</tempMin><symbol><icon>04</icon><description>Muy nuboso: entre 5/8 y 7/8 de cielo cubierto</description></symbol></forecast></forecasts></day>
<day month='2' day='26' done='26/02/2013 [10:25:27]'><forecasts><forecast period='today' date='26/02/2013'><tempMax>3</tempMax><tempMin>1</tempMin><symbol><icon>04</icon><description>Muy nuboso: entre 5/8 y 7/8 de cielo cubierto</description></symbol></forecast><forecast period='tomorrow' date='27/02/2013'><tempMax>3</tempMax><tempMin>1</tempMin><symbol><icon>04</icon><description>Muy nuboso: entre 5/8 y 7/8 de cielo cubierto</description></symbol></forecast><forecast period='next' date='28/02/2013'><tempMax>3</tempMax><tempMin>0</tempMin><symbol><icon>04</icon><description>Muy nuboso: entre 5/8 y 7/8 de cielo cubierto</description></symbol></forecast></forecasts></day>
<day month='2' day='26' done='26/02/2013 [18:52:50]'><forecasts><forecast period='today' date='26/02/2013'><tempMax>3</tempMax><tempMin>1</tempMin><symbol><icon>04</icon><description>Muy nuboso: entre 5/8 y 7/8 de cielo cubierto</description></symbol></forecast><forecast period='tomorrow' date='27/02/2013'><tempMax>3</tempMax><tempMin>1</tempMin><symbol><icon>04</icon><description>Muy nuboso: entre 5/8 y 7/8 de cielo cubierto</description></symbol></forecast><forecast period='next' date='28/02/2013'><tempMax>3</tempMax><tempMin>0</tempMin><symbol><icon>04</icon><description>Muy nuboso: entre 5/8 y 7/8 de cielo cubierto</description></symbol></forecast></forecasts></day>
<day month='2' day='27' done='27/02/2013 [07:37:03]'><forecasts><forecast period='today' date='27/02/2013'><tempMax>3</tempMax><tempMin>0</tempMin><symbol><icon>04</icon><description>Muy nuboso: entre 5/8 y 7/8 de cielo cubierto</description></symbol></forecast><forecast period='tomorrow' date='28/02/2013'><tempMax>5</tempMax><tempMin>2</tempMin><symbol><icon>04</icon><description>Muy nuboso: entre 5/8 y 7/8 de cielo cubierto</description></symbol></forecast><forecast period='next' date='01/03/2013'><tempMax>6</tempMax><tempMin>2</tempMin><symbol><icon>02</icon><description>Parcialmente nuboso: entre 2/8 y 4/8 de cielo cubierto</description></symbol></forecast></forecasts></day>
<day month='2' day='27' done='27/02/2013 [10:05:40]'><forecasts><forecast period='today' date='27/02/2013'><tempMax>3</tempMax><tempMin>0</tempMin><symbol><icon>04</icon><description>Muy nuboso: entre 5/8 y 7/8 de cielo cubierto</description></symbol></forecast><forecast period='tomorrow' date='28/02/2013'><tempMax>5</tempMax><tempMin>2</tempMin><symbol><icon>04</icon><description>Muy nuboso: entre 5/8 y 7/8 de cielo cubierto</description></symbol></forecast><forecast period='next' date='01/03/2013'><tempMax>6</tempMax><tempMin>2</tempMin><symbol><icon>02</icon><description>Parcialmente nuboso: entre 2/8 y 4/8 de cielo cubierto</description></symbol></forecast></forecasts></day>
<day month='2' day='27' done='27/02/2013 [18:49:17]'><forecasts><forecast period='today' date='27/02/2013'><tempMax>3</tempMax><tempMin>0</tempMin><symbol><icon>04</icon><description>Muy nuboso: entre 5/8 y 7/8 de cielo cubierto</description></symbol></forecast><forecast period='tomorrow' date='28/02/2013'><tempMax>5</tempMax><tempMin>2</tempMin><symbol><icon>04</icon><description>Muy nuboso: entre 5/8 y 7/8 de cielo cubierto</description></symbol></forecast><forecast period='next' date='01/03/2013'><tempMax>6</tempMax><tempMin>2</tempMin><symbol><icon>02</icon><description>Parcialmente nuboso: entre 2/8 y 4/8 de cielo cubierto</description></symbol></forecast></forecasts></day>
<day month='2' day='28' done='28/02/2013 [07:30:11]'><forecasts><forecast period='today' date='28/02/2013'><tempMax>5</tempMax><tempMin>1</tempMin><symbol><icon>04</icon><description>Muy nuboso: entre 5/8 y 7/8 de cielo cubierto</description></symbol></forecast><forecast period='tomorrow' date='01/03/2013'><tempMax>5</tempMax><tempMin>2</tempMin><symbol><icon>03</icon><description>Nuboso: entre 4/8 y 5/8 de cielo cubierto</description></symbol></forecast><forecast period='next' date='02/03/2013'><tempMax>6</tempMax><tempMin>-2</tempMin><symbol><icon>03</icon><description>Nuboso: entre 4/8 y 5/8 de cielo cubierto</description></symbol></forecast></forecasts></day>
<day month='2' day='28' done='28/02/2013 [10:00:44]'><forecasts><forecast period='today' date='28/02/2013'><tempMax>5</tempMax><tempMin>1</tempMin><symbol><icon>04</icon><description>Muy nuboso: entre 5/8 y 7/8 de cielo cubierto</description></symbol></forecast><forecast period='tomorrow' date='01/03/2013'><tempMax>5</tempMax><tempMin>2</tempMin><symbol><icon>03</icon><description>Nuboso: entre 4/8 y 5/8 de cielo cubierto</description></symbol></forecast><forecast period='next' date='02/03/2013'><tempMax>6</tempMax><tempMin>-2</tempMin><symbol><icon>03</icon><description>Nuboso: entre 4/8 y 5/8 de cielo cubierto</description></symbol></forecast></forecasts></day>
<day month='2' day='28' done='28/02/2013 [10:36:45]'><forecasts><forecast period='today' date='28/02/2013'><tempMax>5</tempMax><tempMin>1</tempMin><symbol><icon>04</icon><description>Muy nuboso: entre 5/8 y 7/8 de cielo cubierto</description></symbol></forecast><forecast period='tomorrow' date='01/03/2013'><tempMax>5</tempMax><tempMin>2</tempMin><symbol><icon>03</icon><description>Nuboso: entre 4/8 y 5/8 de cielo cubierto</description></symbol></forecast><forecast period='next' date='02/03/2013'><tempMax>6</tempMax><tempMin>-2</tempMin><symbol><icon>03</icon><description>Nuboso: entre 4/8 y 5/8 de cielo cubierto</description></symbol></forecast></forecasts></day>
<day month='2' day='28' done='28/02/2013 [19:00:47]'><forecasts><forecast period='today' date='28/02/2013'><tempMax>5</tempMax><tempMin>1</tempMin><symbol><icon>04</icon><description>Muy nuboso: entre 5/8 y 7/8 de cielo cubierto</description></symbol></forecast><forecast period='tomorrow' date='01/03/2013'><tempMax>5</tempMax><tempMin>2</tempMin><symbol><icon>03</icon><description>Nuboso: entre 4/8 y 5/8 de cielo cubierto</description></symbol></forecast><forecast period='next' date='02/03/2013'><tempMax>6</tempMax><tempMin>-2</tempMin><symbol><icon>03</icon><description>Nuboso: entre 4/8 y 5/8 de cielo cubierto</description></symbol></forecast></forecasts></day>
</cityForecast>