<?xml version="1.0" encoding="UTF-8"?><cityForecast cityCode="15" cityName="Dublín" month="4" year="2013" >
<day month='4' day='1' done='01/04/2013 [07:42:15]'><forecasts><forecast period='today' date='01/04/2013'><tempMax>7</tempMax><tempMin>0</tempMin><symbol><icon>02</icon><description>Parcialmente nuboso: entre 2/8 y 4/8 de cielo cubierto</description></symbol></forecast><forecast period='tomorrow' date='02/04/2013'><tempMax>8</tempMax><tempMin>0</tempMin><symbol><icon>10</icon><description>Chubascos débiles: precipitación intensa y de corta duración, con cantidades inferiores a 15 mm/h</description></symbol></forecast><forecast period='next' date='03/04/2013'><tempMax>6</tempMax><tempMin>3</tempMin><symbol><icon>12</icon><description>Lluvia débil: precipitación de agua líquida, con cantidades inferiores a 15 mm/h</description></symbol></forecast></forecasts></day>
<day month='4' day='1' done='01/04/2013 [10:10:04]'><forecasts><forecast period='today' date='01/04/2013'><tempMax>7</tempMax><tempMin>0</tempMin><symbol><icon>02</icon><description>Parcialmente nuboso: entre 2/8 y 4/8 de cielo cubierto</description></symbol></forecast><forecast period='tomorrow' date='02/04/2013'><tempMax>8</tempMax><tempMin>0</tempMin><symbol><icon>10</icon><description>Chubascos débiles: precipitación intensa y de corta duración, con cantidades inferiores a 15 mm/h</description></symbol></forecast><forecast period='next' date='03/04/2013'><tempMax>6</tempMax><tempMin>3</tempMin><symbol><icon>12</icon><description>Lluvia débil: precipitación de agua líquida, con cantidades inferiores a 15 mm/h</description></symbol></forecast></forecasts></day>
<day month='4' day='1' done='01/04/2013 [10:39:18]'><forecasts><forecast period='today' date='01/04/2013'><tempMax>7</tempMax><tempMin>0</tempMin><symbol><icon>02</icon><description>Parcialmente nuboso: entre 2/8 y 4/8 de cielo cubierto</description></symbol></forecast><forecast period='tomorrow' date='02/04/2013'><tempMax>8</tempMax><tempMin>0</tempMin><symbol><icon>10</icon><description>Chubascos débiles: precipitación intensa y de corta duración, con cantidades inferiores a 15 mm/h</description></symbol></forecast><forecast period='next' date='03/04/2013'><tempMax>6</tempMax><tempMin>3</tempMin><symbol><icon>12</icon><description>Lluvia débil: precipitación de agua líquida, con cantidades inferiores a 15 mm/h</description></symbol></forecast></forecasts></day>
<day month='4' day='1' done='01/04/2013 [18:57:54]'><forecasts><forecast period='today' date='01/04/2013'><tempMax>7</tempMax><tempMin>0</tempMin><symbol><icon>02</icon><description>Parcialmente nuboso: entre 2/8 y 4/8 de cielo cubierto</description></symbol></forecast><forecast period='tomorrow' date='02/04/2013'><tempMax>8</tempMax><tempMin>0</tempMin><symbol><icon>10</icon><description>Chubascos débiles: precipitación intensa y de corta duración, con cantidades inferiores a 15 mm/h</description></symbol></forecast><forecast period='next' date='03/04/2013'><tempMax>6</tempMax><tempMin>3</tempMin><symbol><icon>12</icon><description>Lluvia débil: precipitación de agua líquida, con cantidades inferiores a 15 mm/h</description></symbol></forecast></forecasts></day>
<day month='4' day='2' done='02/04/2013 [08:39:23]'><forecasts><forecast period='today' date='02/04/2013'><tempMax>6</tempMax><tempMin>1</tempMin><symbol><icon>12</icon><description>Lluvia débil: precipitación de agua líquida, con cantidades inferiores a 15 mm/h</description></symbol></forecast><forecast period='tomorrow' date='03/04/2013'><tempMax>8</tempMax><tempMin>3</tempMin><symbol><icon>12</icon><description>Lluvia débil: precipitación de agua líquida, con cantidades inferiores a 15 mm/h</description></symbol></forecast><forecast period='next' date='04/04/2013'><tempMax>7</tempMax><tempMin>2</tempMin><symbol><icon>10</icon><description>Chubascos débiles: precipitación intensa y de corta duración, con cantidades inferiores a 15 mm/h</description></symbol></forecast></forecasts></day>
<day month='4' day='2' done='02/04/2013 [10:26:07]'><forecasts><forecast period='today' date='02/04/2013'><tempMax>6</tempMax><tempMin>1</tempMin><symbol><icon>12</icon><description>Lluvia débil: precipitación de agua líquida, con cantidades inferiores a 15 mm/h</description></symbol></forecast><forecast period='tomorrow' date='03/04/2013'><tempMax>8</tempMax><tempMin>3</tempMin><symbol><icon>12</icon><description>Lluvia débil: precipitación de agua líquida, con cantidades inferiores a 15 mm/h</description></symbol></forecast><forecast period='next' date='04/04/2013'><tempMax>7</tempMax><tempMin>2</tempMin><symbol><icon>10</icon><description>Chubascos débiles: precipitación intensa y de corta duración, con cantidades inferiores a 15 mm/h</description></symbol></forecast></forecasts></day>
<day month='4' day='2' done='02/04/2013 [13:19:54]'><forecasts><forecast period='today' date='02/04/2013'><tempMax>6</tempMax><tempMin>1</tempMin><symbol><icon>12</icon><description>Lluvia débil: precipitación de agua líquida, con cantidades inferiores a 15 mm/h</description></symbol></forecast><forecast period='tomorrow' date='03/04/2013'><tempMax>8</tempMax><tempMin>3</tempMin><symbol><icon>12</icon><description>Lluvia débil: precipitación de agua líquida, con cantidades inferiores a 15 mm/h</description></symbol></forecast><forecast period='next' date='04/04/2013'><tempMax>7</tempMax><tempMin>2</tempMin><symbol><icon>10</icon><description>Chubascos débiles: precipitación intensa y de corta duración, con cantidades inferiores a 15 mm/h</description></symbol></forecast></forecasts></day>
<day month='4' day='2' done='02/04/2013 [18:51:59]'><forecasts><forecast period='today' date='02/04/2013'><tempMax>6</tempMax><tempMin>1</tempMin><symbol><icon>12</icon><description>Lluvia débil: precipitación de agua líquida, con cantidades inferiores a 15 mm/h</description></symbol></forecast><forecast period='tomorrow' date='03/04/2013'><tempMax>8</tempMax><tempMin>3</tempMin><symbol><icon>12</icon><description>Lluvia débil: precipitación de agua líquida, con cantidades inferiores a 15 mm/h</description></symbol></forecast><forecast period='next' date='04/04/2013'><tempMax>7</tempMax><tempMin>2</tempMin><symbol><icon>10</icon><description>Chubascos débiles: precipitación intensa y de corta duración, con cantidades inferiores a 15 mm/h</description></symbol></forecast></forecasts></day>
<day month='4' day='3' done='03/04/2013 [07:36:49]'><forecasts><forecast period='today' date='03/04/2013'><tempMax>7</tempMax><tempMin>2</tempMin><symbol><icon>12</icon><description>Lluvia débil: precipitación de agua líquida, con cantidades inferiores a 15 mm/h</description></symbol></forecast><forecast period='tomorrow' date='04/04/2013'><tempMax>9</tempMax><tempMin>2</tempMin><symbol><icon>04</icon><description>Muy nuboso: entre 5/8 y 7/8 de cielo cubierto</description></symbol></forecast><forecast period='next' date='05/04/2013'><tempMax>10</tempMax><tempMin>2</tempMin><symbol><icon>12</icon><description>Lluvia débil: precipitación de agua líquida, con cantidades inferiores a 15 mm/h</description></symbol></forecast></forecasts></day>
<day month='4' day='3' done='03/04/2013 [09:53:51]'><forecasts><forecast period='today' date='03/04/2013'><tempMax>7</tempMax><tempMin>2</tempMin><symbol><icon>12</icon><description>Lluvia débil: precipitación de agua líquida, con cantidades inferiores a 15 mm/h</description></symbol></forecast><forecast period='tomorrow' date='04/04/2013'><tempMax>9</tempMax><tempMin>2</tempMin><symbol><icon>04</icon><description>Muy nuboso: entre 5/8 y 7/8 de cielo cubierto</description></symbol></forecast><forecast period='next' date='05/04/2013'><tempMax>10</tempMax><tempMin>2</tempMin><symbol><icon>12</icon><description>Lluvia débil: precipitación de agua líquida, con cantidades inferiores a 15 mm/h</description></symbol></forecast></forecasts></day>
<day month='4' day='3' done='03/04/2013 [09:58:04]'><forecasts><forecast period='today' date='03/04/2013'><tempMax>7</tempMax><tempMin>2</tempMin><symbol><icon>12</icon><description>Lluvia débil: precipitación de agua líquida, con cantidades inferiores a 15 mm/h</description></symbol></forecast><forecast period='tomorrow' date='04/04/2013'><tempMax>9</tempMax><tempMin>2</tempMin><symbol><icon>04</icon><description>Muy nuboso: entre 5/8 y 7/8 de cielo cubierto</description></symbol></forecast><forecast period='next' date='05/04/2013'><tempMax>10</tempMax><tempMin>2</tempMin><symbol><icon>12</icon><description>Lluvia débil: precipitación de agua líquida, con cantidades inferiores a 15 mm/h</description></symbol></forecast></forecasts></day>
<day month='4' day='3' done='03/04/2013 [21:21:50]'><forecasts><forecast period='today' date='03/04/2013'><tempMax>7</tempMax><tempMin>2</tempMin><symbol><icon>12</icon><description>Lluvia débil: precipitación de agua líquida, con cantidades inferiores a 15 mm/h</description></symbol></forecast><forecast period='tomorrow' date='04/04/2013'><tempMax>9</tempMax><tempMin>2</tempMin><symbol><icon>04</icon><description>Muy nuboso: entre 5/8 y 7/8 de cielo cubierto</description></symbol></forecast><forecast period='next' date='05/04/2013'><tempMax>10</tempMax><tempMin>2</tempMin><symbol><icon>12</icon><description>Lluvia débil: precipitación de agua líquida, con cantidades inferiores a 15 mm/h</description></symbol></forecast></forecasts></day>
<day month='4' day='4' done='04/04/2013 [07:47:47]'><forecasts><forecast period='today' date='04/04/2013'><tempMax>8</tempMax><tempMin>2</tempMin><symbol><icon>10</icon><description>Chubascos débiles: precipitación intensa y de corta duración, con cantidades inferiores a 15 mm/h</description></symbol></forecast><forecast period='tomorrow' date='05/04/2013'><tempMax>10</tempMax><tempMin>2</tempMin><symbol><icon>10</icon><description>Chubascos débiles: precipitación intensa y de corta duración, con cantidades inferiores a 15 mm/h</description></symbol></forecast><forecast period='next' date='06/04/2013'><tempMax>11</tempMax><tempMin>6</tempMin><symbol><icon>10</icon><description>Chubascos débiles: precipitación intensa y de corta duración, con cantidades inferiores a 15 mm/h</description></symbol></forecast></forecasts></day>
<day month='4' day='4' done='04/04/2013 [10:15:08]'><forecasts><forecast period='today' date='04/04/2013'><tempMax>8</tempMax><tempMin>2</tempMin><symbol><icon>10</icon><description>Chubascos débiles: precipitación intensa y de corta duración, con cantidades inferiores a 15 mm/h</description></symbol></forecast><forecast period='tomorrow' date='05/04/2013'><tempMax>10</tempMax><tempMin>2</tempMin><symbol><icon>10</icon><description>Chubascos débiles: precipitación intensa y de corta duración, con cantidades inferiores a 15 mm/h</description></symbol></forecast><forecast period='next' date='06/04/2013'><tempMax>11</tempMax><tempMin>6</tempMin><symbol><icon>10</icon><description>Chubascos débiles: precipitación intensa y de corta duración, con cantidades inferiores a 15 mm/h</description></symbol></forecast></forecasts></day>
<day month='4' day='4' done='04/04/2013 [10:43:13]'><forecasts><forecast period='today' date='04/04/2013'><tempMax>8</tempMax><tempMin>2</tempMin><symbol><icon>10</icon><description>Chubascos débiles: precipitación intensa y de corta duración, con cantidades inferiores a 15 mm/h</description></symbol></forecast><forecast period='tomorrow' date='05/04/2013'><tempMax>10</tempMax><tempMin>2</tempMin><symbol><icon>10</icon><description>Chubascos débiles: precipitación intensa y de corta duración, con cantidades inferiores a 15 mm/h</description></symbol></forecast><forecast period='next' date='06/04/2013'><tempMax>11</tempMax><tempMin>6</tempMin><symbol><icon>10</icon><description>Chubascos débiles: precipitación intensa y de corta duración, con cantidades inferiores a 15 mm/h</description></symbol></forecast></forecasts></day>
<day month='4' day='4' done='04/04/2013 [11:50:31]'><forecasts><forecast period='today' date='04/04/2013'><tempMax>8</tempMax><tempMin>2</tempMin><symbol><icon>10</icon><description>Chubascos débiles: precipitación intensa y de corta duración, con cantidades inferiores a 15 mm/h</description></symbol></forecast><forecast period='tomorrow' date='05/04/2013'><tempMax>10</tempMax><tempMin>2</tempMin><symbol><icon>10</icon><description>Chubascos débiles: precipitación intensa y de corta duración, con cantidades inferiores a 15 mm/h</description></symbol></forecast><forecast period='next' date='06/04/2013'><tempMax>11</tempMax><tempMin>6</tempMin><symbol><icon>10</icon><description>Chubascos débiles: precipitación intensa y de corta duración, con cantidades inferiores a 15 mm/h</description></symbol></forecast></forecasts></day>
<day month='4' day='4' done='04/04/2013 [18:52:47]'><forecasts><forecast period='today' date='04/04/2013'><tempMax>8</tempMax><tempMin>2</tempMin><symbol><icon>10</icon><description>Chubascos débiles: precipitación intensa y de corta duración, con cantidades inferiores a 15 mm/h</description></symbol></forecast><forecast period='tomorrow' date='05/04/2013'><tempMax>10</tempMax><tempMin>2</tempMin><symbol><icon>10</icon><description>Chubascos débiles: precipitación intensa y de corta duración, con cantidades inferiores a 15 mm/h</description></symbol></forecast><forecast period='next' date='06/04/2013'><tempMax>11</tempMax><tempMin>6</tempMin><symbol><icon>10</icon><description>Chubascos débiles: precipitación intensa y de corta duración, con cantidades inferiores a 15 mm/h</description></symbol></forecast></forecasts></day>
<day month='4' day='5' done='05/04/2013 [08:48:04]'><forecasts><forecast period='today' date='05/04/2013'><tempMax>10</tempMax><tempMin>2</tempMin><symbol><icon>12</icon><description>Lluvia débil: precipitación de agua líquida, con cantidades inferiores a 15 mm/h</description></symbol></forecast><forecast period='tomorrow' date='06/04/2013'><tempMax>11</tempMax><tempMin>6</tempMin><symbol><icon>12</icon><description>Lluvia débil: precipitación de agua líquida, con cantidades inferiores a 15 mm/h</description></symbol></forecast><forecast period='next' date='07/04/2013'><tempMax>9</tempMax><tempMin>2</tempMin><symbol><icon>03</icon><description>Nuboso: entre 4/8 y 5/8 de cielo cubierto</description></symbol></forecast></forecasts></day>
<day month='4' day='5' done='05/04/2013 [08:54:42]'><forecasts><forecast period='today' date='05/04/2013'><tempMax>10</tempMax><tempMin>2</tempMin><symbol><icon>12</icon><description>Lluvia débil: precipitación de agua líquida, con cantidades inferiores a 15 mm/h</description></symbol></forecast><forecast period='tomorrow' date='06/04/2013'><tempMax>11</tempMax><tempMin>6</tempMin><symbol><icon>12</icon><description>Lluvia débil: precipitación de agua líquida, con cantidades inferiores a 15 mm/h</description></symbol></forecast><forecast period='next' date='07/04/2013'><tempMax>9</tempMax><tempMin>2</tempMin><symbol><icon>03</icon><description>Nuboso: entre 4/8 y 5/8 de cielo cubierto</description></symbol></forecast></forecasts></day>
<day month='4' day='5' done='05/04/2013 [09:14:31]'><forecasts><forecast period='today' date='06/04/2013'><tempMax>11</tempMax><tempMin>6</tempMin><symbol><icon>12</icon><description>Lluvia débil: precipitación de agua líquida, con cantidades inferiores a 15 mm/h</description></symbol></forecast><forecast period='tomorrow' date='07/04/2013'><tempMax>9</tempMax><tempMin>2</tempMin><symbol><icon>03</icon><description>Nuboso: entre 4/8 y 5/8 de cielo cubierto</description></symbol></forecast></forecasts></day>
<day month='4' day='5' done='05/04/2013 [09:27:36]'><forecasts><forecast period='today' date='06/04/2013'><tempMax>11</tempMax><tempMin>6</tempMin><symbol><icon>12</icon><description>Lluvia débil: precipitación de agua líquida, con cantidades inferiores a 15 mm/h</description></symbol></forecast><forecast period='tomorrow' date='07/04/2013'><tempMax>9</tempMax><tempMin>2</tempMin><symbol><icon>03</icon><description>Nuboso: entre 4/8 y 5/8 de cielo cubierto</description></symbol></forecast></forecasts></day>
<day month='4' day='5' done='05/04/2013 [10:40:22]'><forecasts><forecast period='today' date='05/04/2013'><tempMax>10</tempMax><tempMin>2</tempMin><symbol><icon>12</icon><description>Lluvia débil: precipitación de agua líquida, con cantidades inferiores a 15 mm/h</description></symbol></forecast><forecast period='tomorrow' date='06/04/2013'><tempMax>11</tempMax><tempMin>6</tempMin><symbol><icon>12</icon><description>Lluvia débil: precipitación de agua líquida, con cantidades inferiores a 15 mm/h</description></symbol></forecast><forecast period='next' date='07/04/2013'><tempMax>9</tempMax><tempMin>2</tempMin><symbol><icon>03</icon><description>Nuboso: entre 4/8 y 5/8 de cielo cubierto</description></symbol></forecast></forecasts></day>
<day month='4' day='5' done='05/04/2013 [20:56:48]'><forecasts><forecast period='today' date='05/04/2013'><tempMax>10</tempMax><tempMin>2</tempMin><symbol><icon>12</icon><description>Lluvia débil: precipitación de agua líquida, con cantidades inferiores a 15 mm/h</description></symbol></forecast><forecast period='tomorrow' date='06/04/2013'><tempMax>11</tempMax><tempMin>6</tempMin><symbol><icon>12</icon><description>Lluvia débil: precipitación de agua líquida, con cantidades inferiores a 15 mm/h</description></symbol></forecast><forecast period='next' date='07/04/2013'><tempMax>9</tempMax><tempMin>2</tempMin><symbol><icon>03</icon><description>Nuboso: entre 4/8 y 5/8 de cielo cubierto</description></symbol></forecast></forecasts></day>
<day month='4' day='6' done='06/04/2013 [10:15:19]'><forecasts><forecast period='today' date='06/04/2013'><tempMax>12</tempMax><tempMin>4</tempMin><symbol><icon>03</icon><description>Nuboso: entre 4/8 y 5/8 de cielo cubierto</description></symbol></forecast><forecast period='tomorrow' date='07/04/2013'><tempMax>10</tempMax><tempMin>3</tempMin><symbol><icon>03</icon><description>Nuboso: entre 4/8 y 5/8 de cielo cubierto</description></symbol></forecast><forecast period='next' date='08/04/2013'><tempMax>11</tempMax><tempMin>2</tempMin><symbol><icon>01</icon><description>Poco nuboso: entre 1/8 y 2/8 de cielo cubierto</description></symbol></forecast></forecasts></day>
<day month='4' day='6' done='06/04/2013 [12:39:45]'><forecasts><forecast period='today' date='06/04/2013'><tempMax>12</tempMax><tempMin>4</tempMin><symbol><icon>03</icon><description>Nuboso: entre 4/8 y 5/8 de cielo cubierto</description></symbol></forecast><forecast period='tomorrow' date='07/04/2013'><tempMax>10</tempMax><tempMin>3</tempMin><symbol><icon>03</icon><description>Nuboso: entre 4/8 y 5/8 de cielo cubierto</description></symbol></forecast><forecast period='next' date='08/04/2013'><tempMax>11</tempMax><tempMin>2</tempMin><symbol><icon>01</icon><description>Poco nuboso: entre 1/8 y 2/8 de cielo cubierto</description></symbol></forecast></forecasts></day>
<day month='4' day='6' done='06/04/2013 [13:18:31]'><forecasts><forecast period='today' date='06/04/2013'><tempMax>12</tempMax><tempMin>4</tempMin><symbol><icon>03</icon><description>Nuboso: entre 4/8 y 5/8 de cielo cubierto</description></symbol></forecast><forecast period='tomorrow' date='07/04/2013'><tempMax>10</tempMax><tempMin>3</tempMin><symbol><icon>03</icon><description>Nuboso: entre 4/8 y 5/8 de cielo cubierto</description></symbol></forecast><forecast period='next' date='08/04/2013'><tempMax>11</tempMax><tempMin>2</tempMin><symbol><icon>01</icon><description>Poco nuboso: entre 1/8 y 2/8 de cielo cubierto</description></symbol></forecast></forecasts></day>
<day month='4' day='6' done='06/04/2013 [19:22:35]'><forecasts><forecast period='today' date='06/04/2013'><tempMax>12</tempMax><tempMin>4</tempMin><symbol><icon>03</icon><description>Nuboso: entre 4/8 y 5/8 de cielo cubierto</description></symbol></forecast><forecast period='tomorrow' date='07/04/2013'><tempMax>10</tempMax><tempMin>3</tempMin><symbol><icon>03</icon><description>Nuboso: entre 4/8 y 5/8 de cielo cubierto</description></symbol></forecast><forecast period='next' date='08/04/2013'><tempMax>11</tempMax><tempMin>2</tempMin><symbol><icon>01</icon><description>Poco nuboso: entre 1/8 y 2/8 de cielo cubierto</description></symbol></forecast></forecasts></day>
<day month='4' day='7' done='07/04/2013 [08:49:49]'><forecasts><forecast period='today' date='07/04/2013'><tempMax>10</tempMax><tempMin>3</tempMin><symbol><icon>03</icon><description>Nuboso: entre 4/8 y 5/8 de cielo cubierto</description></symbol></forecast><forecast period='tomorrow' date='08/04/2013'><tempMax>10</tempMax><tempMin>2</tempMin><symbol><icon>03</icon><description>Nuboso: entre 4/8 y 5/8 de cielo cubierto</description></symbol></forecast><forecast period='next' date='09/04/2013'><tempMax>11</tempMax><tempMin>3</tempMin><symbol><icon>10</icon><description>Chubascos débiles: precipitación intensa y de corta duración, con cantidades inferiores a 15 mm/h</description></symbol></forecast></forecasts></day>
<day month='4' day='7' done='07/04/2013 [10:46:32]'><forecasts><forecast period='today' date='07/04/2013'><tempMax>10</tempMax><tempMin>3</tempMin><symbol><icon>03</icon><description>Nuboso: entre 4/8 y 5/8 de cielo cubierto</description></symbol></forecast><forecast period='tomorrow' date='08/04/2013'><tempMax>10</tempMax><tempMin>2</tempMin><symbol><icon>03</icon><description>Nuboso: entre 4/8 y 5/8 de cielo cubierto</description></symbol></forecast><forecast period='next' date='09/04/2013'><tempMax>11</tempMax><tempMin>3</tempMin><symbol><icon>10</icon><description>Chubascos débiles: precipitación intensa y de corta duración, con cantidades inferiores a 15 mm/h</description></symbol></forecast></forecasts></day>
<day month='4' day='7' done='07/04/2013 [18:41:00]'><forecasts><forecast period='today' date='07/04/2013'><tempMax>10</tempMax><tempMin>3</tempMin><symbol><icon>03</icon><description>Nuboso: entre 4/8 y 5/8 de cielo cubierto</description></symbol></forecast><forecast period='tomorrow' date='08/04/2013'><tempMax>10</tempMax><tempMin>2</tempMin><symbol><icon>03</icon><description>Nuboso: entre 4/8 y 5/8 de cielo cubierto</description></symbol></forecast><forecast period='next' date='09/04/2013'><tempMax>11</tempMax><tempMin>3</tempMin><symbol><icon>10</icon><description>Chubascos débiles: precipitación intensa y de corta duración, con cantidades inferiores a 15 mm/h</description></symbol></forecast></forecasts></day>
<day month='4' day='8' done='08/04/2013 [07:11:31]'><forecasts><forecast period='today' date='08/04/2013'><tempMax>10</tempMax><tempMin>2</tempMin><symbol><icon>01</icon><description>Poco nuboso: entre 1/8 y 2/8 de cielo cubierto</description></symbol></forecast><forecast period='tomorrow' date='09/04/2013'><tempMax>12</tempMax><tempMin>4</tempMin><symbol><icon>10</icon><description>Chubascos débiles: precipitación intensa y de corta duración, con cantidades inferiores a 15 mm/h</description></symbol></forecast><forecast period='next' date='10/04/2013'><tempMax>15</tempMax><tempMin>6</tempMin><symbol><icon>10</icon><description>Chubascos débiles: precipitación intensa y de corta duración, con cantidades inferiores a 15 mm/h</description></symbol></forecast></forecasts></day>
<day month='4' day='8' done='08/04/2013 [09:16:07]'><forecasts><forecast period='today' date='08/04/2013'><tempMax>10</tempMax><tempMin>2</tempMin><symbol><icon>01</icon><description>Poco nuboso: entre 1/8 y 2/8 de cielo cubierto</description></symbol></forecast><forecast period='tomorrow' date='09/04/2013'><tempMax>12</tempMax><tempMin>4</tempMin><symbol><icon>10</icon><description>Chubascos débiles: precipitación intensa y de corta duración, con cantidades inferiores a 15 mm/h</description></symbol></forecast><forecast period='next' date='10/04/2013'><tempMax>15</tempMax><tempMin>6</tempMin><symbol><icon>10</icon><description>Chubascos débiles: precipitación intensa y de corta duración, con cantidades inferiores a 15 mm/h</description></symbol></forecast></forecasts></day>
<day month='4' day='8' done='08/04/2013 [10:12:15]'><forecasts><forecast period='today' date='08/04/2013'><tempMax>10</tempMax><tempMin>2</tempMin><symbol><icon>01</icon><description>Poco nuboso: entre 1/8 y 2/8 de cielo cubierto</description></symbol></forecast><forecast period='tomorrow' date='09/04/2013'><tempMax>12</tempMax><tempMin>4</tempMin><symbol><icon>10</icon><description>Chubascos débiles: precipitación intensa y de corta duración, con cantidades inferiores a 15 mm/h</description></symbol></forecast><forecast period='next' date='10/04/2013'><tempMax>15</tempMax><tempMin>6</tempMin><symbol><icon>10</icon><description>Chubascos débiles: precipitación intensa y de corta duración, con cantidades inferiores a 15 mm/h</description></symbol></forecast></forecasts></day>
<day month='4' day='8' done='08/04/2013 [18:27:22]'><forecasts><forecast period='today' date='08/04/2013'><tempMax>10</tempMax><tempMin>2</tempMin><symbol><icon>01</icon><description>Poco nuboso: entre 1/8 y 2/8 de cielo cubierto</description></symbol></forecast><forecast period='tomorrow' date='09/04/2013'><tempMax>12</tempMax><tempMin>4</tempMin><symbol><icon>10</icon><description>Chubascos débiles: precipitación intensa y de corta duración, con cantidades inferiores a 15 mm/h</description></symbol></forecast><forecast period='next' date='10/04/2013'><tempMax>15</tempMax><tempMin>6</tempMin><symbol><icon>10</icon><description>Chubascos débiles: precipitación intensa y de corta duración, con cantidades inferiores a 15 mm/h</description></symbol></forecast></forecasts></day>
<day month='4' day='9' done='09/04/2013 [07:08:32]'><forecasts><forecast period='today' date='09/04/2013'><tempMax>10</tempMax><tempMin>2</tempMin><symbol><icon>10</icon><description>Chubascos débiles: precipitación intensa y de corta duración, con cantidades inferiores a 15 mm/h</description></symbol></forecast><forecast period='tomorrow' date='10/04/2013'><tempMax>15</tempMax><tempMin>5</tempMin><symbol><icon>10</icon><description>Chubascos débiles: precipitación intensa y de corta duración, con cantidades inferiores a 15 mm/h</description></symbol></forecast><forecast period='next' date='11/04/2013'><tempMax>17</tempMax><tempMin>6</tempMin><symbol><icon>02</icon><description>Parcialmente nuboso: entre 2/8 y 4/8 de cielo cubierto</description></symbol></forecast></forecasts></day>
<day month='4' day='9' done='09/04/2013 [10:15:32]'><forecasts><forecast period='today' date='09/04/2013'><tempMax>10</tempMax><tempMin>2</tempMin><symbol><icon>10</icon><description>Chubascos débiles: precipitación intensa y de corta duración, con cantidades inferiores a 15 mm/h</description></symbol></forecast><forecast period='tomorrow' date='10/04/2013'><tempMax>15</tempMax><tempMin>5</tempMin><symbol><icon>10</icon><description>Chubascos débiles: precipitación intensa y de corta duración, con cantidades inferiores a 15 mm/h</description></symbol></forecast><forecast period='next' date='11/04/2013'><tempMax>17</tempMax><tempMin>6</tempMin><symbol><icon>02</icon><description>Parcialmente nuboso: entre 2/8 y 4/8 de cielo cubierto</description></symbol></forecast></forecasts></day>
<day month='4' day='9' done='09/04/2013 [18:25:54]'><forecasts><forecast period='today' date='09/04/2013'><tempMax>10</tempMax><tempMin>2</tempMin><symbol><icon>10</icon><description>Chubascos débiles: precipitación intensa y de corta duración, con cantidades inferiores a 15 mm/h</description></symbol></forecast><forecast period='tomorrow' date='10/04/2013'><tempMax>15</tempMax><tempMin>5</tempMin><symbol><icon>10</icon><description>Chubascos débiles: precipitación intensa y de corta duración, con cantidades inferiores a 15 mm/h</description></symbol></forecast><forecast period='next' date='11/04/2013'><tempMax>17</tempMax><tempMin>6</tempMin><symbol><icon>02</icon><description>Parcialmente nuboso: entre 2/8 y 4/8 de cielo cubierto</description></symbol></forecast></forecasts></day>
<day month='4' day='10' done='10/04/2013 [07:15:13]'><forecasts><forecast period='today' date='10/04/2013'><tempMax>15</tempMax><tempMin>5</tempMin><symbol><icon>03</icon><description>Nuboso: entre 4/8 y 5/8 de cielo cubierto</description></symbol></forecast><forecast period='tomorrow' date='11/04/2013'><tempMax>17</tempMax><tempMin>7</tempMin><symbol><icon>02</icon><description>Parcialmente nuboso: entre 2/8 y 4/8 de cielo cubierto</description></symbol></forecast><forecast period='next' date='12/04/2013'><tempMax>17</tempMax><tempMin>9</tempMin><symbol><icon>10</icon><description>Chubascos débiles: precipitación intensa y de corta duración, con cantidades inferiores a 15 mm/h</description></symbol></forecast></forecasts></day>
<day month='4' day='10' done='10/04/2013 [09:01:14]'><forecasts><forecast period='today' date='10/04/2013'><tempMax>15</tempMax><tempMin>5</tempMin><symbol><icon>03</icon><description>Nuboso: entre 4/8 y 5/8 de cielo cubierto</description></symbol></forecast><forecast period='tomorrow' date='11/04/2013'><tempMax>17</tempMax><tempMin>7</tempMin><symbol><icon>02</icon><description>Parcialmente nuboso: entre 2/8 y 4/8 de cielo cubierto</description></symbol></forecast><forecast period='next' date='12/04/2013'><tempMax>17</tempMax><tempMin>9</tempMin><symbol><icon>10</icon><description>Chubascos débiles: precipitación intensa y de corta duración, con cantidades inferiores a 15 mm/h</description></symbol></forecast></forecasts></day>
<day month='4' day='10' done='10/04/2013 [09:37:10]'><forecasts><forecast period='today' date='10/04/2013'><tempMax>15</tempMax><tempMin>5</tempMin><symbol><icon>03</icon><description>Nuboso: entre 4/8 y 5/8 de cielo cubierto</description></symbol></forecast><forecast period='tomorrow' date='11/04/2013'><tempMax>17</tempMax><tempMin>7</tempMin><symbol><icon>02</icon><description>Parcialmente nuboso: entre 2/8 y 4/8 de cielo cubierto</description></symbol></forecast><forecast period='next' date='12/04/2013'><tempMax>17</tempMax><tempMin>9</tempMin><symbol><icon>10</icon><description>Chubascos débiles: precipitación intensa y de corta duración, con cantidades inferiores a 15 mm/h</description></symbol></forecast></forecasts></day>
<day month='4' day='10' done='10/04/2013 [18:28:18]'><forecasts><forecast period='today' date='10/04/2013'><tempMax>15</tempMax><tempMin>5</tempMin><symbol><icon>03</icon><description>Nuboso: entre 4/8 y 5/8 de cielo cubierto</description></symbol></forecast><forecast period='tomorrow' date='11/04/2013'><tempMax>17</tempMax><tempMin>7</tempMin><symbol><icon>02</icon><description>Parcialmente nuboso: entre 2/8 y 4/8 de cielo cubierto</description></symbol></forecast><forecast period='next' date='12/04/2013'><tempMax>17</tempMax><tempMin>9</tempMin><symbol><icon>10</icon><description>Chubascos débiles: precipitación intensa y de corta duración, con cantidades inferiores a 15 mm/h</description></symbol></forecast></forecasts></day>
<day month='4' day='11' done='11/04/2013 [07:14:07]'><forecasts><forecast period='today' date='11/04/2013'><tempMax>17</tempMax><tempMin>6</tempMin><symbol><icon>02</icon><description>Parcialmente nuboso: entre 2/8 y 4/8 de cielo cubierto</description></symbol></forecast><forecast period='tomorrow' date='12/04/2013'><tempMax>17</tempMax><tempMin>8</tempMin><symbol><icon>12</icon><description>Lluvia débil: precipitación de agua líquida, con cantidades inferiores a 15 mm/h</description></symbol></forecast><forecast period='next' date='13/04/2013'><tempMax>16</tempMax><tempMin>8</tempMin><symbol><icon>10</icon><description>Chubascos débiles: precipitación intensa y de corta duración, con cantidades inferiores a 15 mm/h</description></symbol></forecast></forecasts></day>
</cityForecast>