<?xml version="1.0" encoding="UTF-8"?><cityForecast cityCode="16" cityName="Atenas" month="12" year="2012" >
<day month='12' day='31' done='31/12/2012 [18:18:51]'><forecasts><forecast period='today' date='31/12/2012'><tempMax>14</tempMax><tempMin>9</tempMin><symbol><icon>12</icon><description>Lluvia débil: precipitación de agua líquida, con cantidades inferiores a 15 mm/h</description></symbol></forecast><forecast period='tomorrow' date='01/01/2013'><tempMax>14</tempMax><tempMin>9</tempMin><symbol><icon>03</icon><description>Nuboso: entre 4/8 y 5/8 de cielo cubierto</description></symbol></forecast><forecast period='next' date='02/01/2013'><tempMax>15</tempMax><tempMin>7</tempMin><symbol><icon>00</icon><description>Despejado: cielo sin nubosidad o 1/8 de cielo cubierto</description></symbol></forecast></forecasts></day>
</cityForecast>