<?xml version="1.0" encoding="UTF-8"?><cityForecast cityCode="18" cityOfficialCode="20069" cityName="Donostia-San Sebastián" month="12" year="2012" >
<day month='12' day='31' done='31/12/2012 [18:18:51]'><forecasts><forecast period='today' date='31/12/2012'><tempMax>14</tempMax><description><es>Cielo muy nuboso o cubierto. Precipitaciones débiles a moderadas. Viento flojo a moderado del suroeste, con rachas fuertes y muy fuertes, sobre todo en el litoral y en zonas de montaña; a últimas horas irá perdiendo fuerza y tenderá a oeste.</es><eu>Zerua oso hodeitsu edo estalia egongo da. Euri txiki-ertaina egingo du. Hego-mendebaldeko haize ahul-bizia ibiliko da, bolada gogor eta oso gogorrekin, kostaldean eta mendi inguruetan batez ere; azken orduetan indarra galduko du eta mendebalderantz aldatuko da.</eu></description><tempMin>5</tempMin><symbol><icon>02</icon><description>Parcialmente nuboso: entre 2/8 y 4/8 de cielo cubierto</description></symbol></forecast><forecast period='tomorrow' date='01/01/2013'><tempMax>13</tempMax><description><es>Cielo nuboso o muy nuboso, con algunos claros durante la mañana. Precipitaciones débiles de madrugada, localmente moderadas; remitirán durante la mañana. Chubascos débiles a moderados por la tarde-noche, más frecuentes en la vertiente cantábrica. Cota de nieve a 1500 metros durante la mañana, en torno a 1200-1300 metros durante la tarde-noche. Viento flojo a moderado del oeste-suroeste de madrugada y a primeras horas, con rachas fuertes en el litoral y en zonas de montaña; viento del noroeste durante la segunda mitad del día. Temperaturas mínimas sin cambios en el litoral, en moderado a notable ascenso en el interior. Temperaturas máximas en ligero a moderado descenso.</es><eu>Zerua hodeitsu edo oso hodeitsu egongo da, goizean ostarte batzuekin. Goizaldean euri txikia egingo du, zenbait lekutan ertaina; goizean atertuz joango da. Arratsalde-gau partean zaparrada txiki-ertainak botako ditu, sarriago kantauri isurialdean. Goizean elur-kota 1500 metrora egongo da, arratsalde-gau partean 1200-1300 metrora. Goizaldean eta goizean goiz mendebal/hego-mendebaldeko haize ahul-bizia ibiliko da, bolada gogorrekin kostaldean eta mendi inguruetan; egunaren bigarren partean ipar-mendebaldekoa ibiliko da. Kostaldeko tenperatura minimoetan aldaketarik ez, barnealdean nahikoa edo nabarmen igoko dira. Tenperatura maximoak gutxi edo nahikoa jaitsiko dira.</eu></description><tempMin>7</tempMin><symbol><icon>10</icon><description>Chubascos débiles: precipitación intensa y de corta duración, con cantidades inferiores a 15 mm/h</description></symbol></forecast><forecast period='next' date='02/01/2013'><tempMax>11</tempMax><description><es>Cielo nuboso o muy nuboso; por la noche disminuirá la nubosidad. Precipitaciones débiles y ocasionales, localmente moderadas en la vertiente cantábrica; remitirán por la noche. Cota de nieve en torno a 1100-1200 metros; probabilidad de situarse en torno a 800-900 por la tarde. Viento flojo a moderado de componente norte, con alguna racha fuerte en el litoral y el Valle del Ebro; durante la primera mitad del día predominará el noroeste, durante la segunda el noreste. Temperaturas mínimas sin cambios, máximas en ligero a moderado descenso. Posibilidad de heladas débiles en zonas de montaña.</es><eu>Zerua hodeitsu edo oso hodeitsu egongo da; gauean hodeiak gutxitu egingo dira. Noizbehinka euri txikia egingo du, kantauri isurialdeko zenbait lekutan ertaina; gauean atertuz joango da. Elur-kota 1100-1200 metro inguruan kokatuko da; arratsaldean 800-900 metro inguruan egoteko probabilitatea handia da. Ipar-osagaiko haize ahul-bizia ibiliko da, bolada gogorren batekin kostaldean eta Ebro haranean; egunaren lehenengo partean ipar-mendebaldekoa nagusituko da, bigarrenean ipar-ekialdekoa. Tenperatura minimoetan aldaketarik ez, maximoak gutxi edo nahikoa jaitsiko dira. Mendi inguruetan izotz txikia egiteko probabilitatea txikia da.</eu></description><tempMin>8</tempMin><symbol><icon>10</icon><description>Chubascos débiles: precipitación intensa y de corta duración, con cantidades inferiores a 15 mm/h</description></symbol></forecast></forecasts></day>
</cityForecast>