<?xml version="1.0" encoding="UTF-8"?><cityForecast cityCode="4" cityOfficialCode="46250" cityName="Valencia" month="12" year="2012" >
<day month='12' day='31' done='31/12/2012 [18:18:51]'><forecasts><forecast period='today' date='31/12/2012'><tempMax>17</tempMax><tempMin>4</tempMin><symbol><icon>02</icon><description>Parcialmente nuboso: entre 2/8 y 4/8 de cielo cubierto</description></symbol></forecast><forecast period='tomorrow' date='01/01/2013'><tempMax>17</tempMax><tempMin>7</tempMin><symbol><icon>02</icon><description>Parcialmente nuboso: entre 2/8 y 4/8 de cielo cubierto</description></symbol></forecast><forecast period='next' date='02/01/2013'><tempMax>18</tempMax><tempMin>7</tempMin><symbol><icon>01</icon><description>Poco nuboso: entre 1/8 y 2/8 de cielo cubierto</description></symbol></forecast></forecasts></day>
</cityForecast>