<?xml version='1.0' encoding='ISO-8859-1'?><content oid='r01dpd0131f5f95eb91aaace47593f779a944a1d1'><actionPost>0</actionPost><labels><label oid='r01epd0122e4ed314423e0db04c97a47b5baa317f'><role>1</role><structureOid>r01e00000fe4e6676dda470b8deed65c9bfe02f4c</structureOid></label><label oid='r01e00000fe4e66771ba470b88bf55ea1f734f3c6'><role>2</role><structureOid>r01e00000fe4e6676dda470b8deed65c9bfe02f4c</structureOid></label><label oid='r01e00000ff26d4658da470b84d7d5a3a26c0c8c9'><role>3</role><structureOid>r01e00000fe4e6676dda470b8deed65c9bfe02f4c</structureOid></label><label oid='r01e000000ff26d466e5a470b87974de1f0cb1cbd'><role>4</role><structureOid>r01e00000fe4e6676dda470b8deed65c9bfe02f4c</structureOid></label><label oid='r01e00000ff26d46212a470b845ecb637861b7081'><role>1</role><structureOid>r01e00000fe4e6676dda470b898e584a4a1047312</structureOid></label><label oid='r01e00000ff26d46232a470b8b4014f52678d969c'><role>2</role><structureOid>r01e00000fe4e6676dda470b898e584a4a1047312</structureOid></label><label oid='r01e00000ff26d461a5a470b832d9102c1a18bea0'><role>1</role><structureOid>r01e00000fe4e6676dda470b8e96ebfb4e7b967c9</structureOid></label><label oid='r01e00000ff26d461a5a470b832d9102c1a18bea0'><role>1</role><structureOid>r01e00000fe4e6676dda470b8384c1e45db239b9c</structureOid></label></labels><portalDataSEODescription><![CDATA[]]></portalDataSEODescription><documents><documentResume internalName='next' indexOff='false' oid='r01dpd0131f5f95ec01aaace4a7ab19b29e43f346' language='es' name='Predicci&#243;n meteorologica para pasado ma&#241;ana'/><documentResume internalName='tomorrow' indexOff='false' oid='r01dpd0131f5f95ec01aaace4da5ffad2ce30ec15' language='es' name='Predicci&#243;n meteor&#243;logica para ma&#241;ana'/><documentResume internalName='today' indexOff='false' oid='r01dpd0131f5f95ec01aaace4d65eddc9deff8df4' language='eu' name='Gaurko metereologia iragarpena'/><documentResume internalName='today' indexOff='false' oid='r01dpd0131f5f95ec01aaace4370117b0f15028ab' language='es' name='Predicci&#243;n meteorol&#243;gica para hoy'/><documentResume internalName='tomorrow' indexOff='false' oid='r01dpd0131f5f95ec01aaace46d58b6b725077dad' language='eu' name='Biharko metereologia iragarpena'/><documentResume internalName='next' indexOff='false' oid='r01dpd0131f5f95ec01aaace41f418613a7de6f2f' language='eu' name='Etzirako metereologia iragarpena'/></documents><chargePerson><![CDATA[v78]]></chargePerson><lastUpdateTS>1314091791779</lastUpdateTS><typo><familyOid>meteorologia</familyOid><typeOid>prevision_tiempo</typeOid><clusterOid>euskadi</clusterOid></typo><createDate>23/08/2011 [11:29:45:897]</createDate><storeLocation><workAreaOid>wmeteg2</workAreaOid><serverOid>ejlp013</serverOid><areaOid>meteorologia</areaOid><dataRepositoryOid>euskadi</dataRepositoryOid></storeLocation><name><![CDATA[met_forecast]]></name><newnessUntilDate>23/08/2011 [11:29:45]</newnessUntilDate><author>v78</author><portalDataSEOName><![CDATA[]]></portalDataSEOName></content>